"","id","Veg.Type","BURNID","OzCBI","dNBRmax","dNIRmax","di35max","dNDVImax","dNDWImax","RBRmax","Severity_class","predict","dif"
"1","SWC065-TAMUB_CBI1","Perth","SWC065",1.72,0.250484842298663,15,-5,0.126506024096386,0.167016491754123,0.175564146481738,"H","H",0
"2","SWC065-TAMUB_plot3","Perth","SWC065",1.395,0.217821782178218,11,-7,0.138874680306905,0.11011655011655,0.164055450742351,"M","M",0
"3","SWC065-TAMUB_plot5","Perth","SWC065",1.87,0.311389071757735,18,-6,0.175324675324675,0.207088331515812,0.220974445917088,"H","VH",1
"4","SWC065-TAMUB_plot6","Perth","SWC065",1.495,0.216998807698859,5,-10,0.119298245614035,0.117145808228611,0.161842083032103,"H","M",-1
"5","SWC048-CaraE08_plot1","Perth","SWC048",1.20625,0.227722772277228,1,-15.5,0.148360467782619,0.107741760582472,0.185332914319788,"M","M",0
"6","SWC048-CoppinoRd_plot3","Perth","SWC048",1.836458333,0.275213675213675,0,-22.5,0.187886597938144,0.147715965626413,0.217102557360249,"H","VH",1
"7","SWC048-CoppinoRd_plot4","Perth","SWC048",1.61875,0.263859874658525,1,-22.5,0.187428045130094,0.134404388714734,0.215309728026574,"H","VH",1
"8","SWC048-CoppinoRd_plot6","Perth","SWC048",2.5375,0.313969240576938,0,-35,0.216966466799911,0.134408602150538,0.253824291358333,"VH","VH",0
"9","SWC048-CoppinoRd_plot7","Perth","SWC048",2.539583333,0.331868131868132,0,-35,0.246492553421109,0.167258943378346,0.260140751651722,"VH","VH",0
"10","SWC010-MooreRiverNR1996cbi1","Perth","SWC010",2.766666667,0.263063063063063,15,6,0.138808559861191,0.0768675568386864,0.247225067944561,"VH","H",-1
"11","SWC010-MooreRiverNR1996veg1","Perth","SWC010",2.291666667,0.202576408183885,9,-1,0.131934032983508,0.0656161198656678,0.180469711804272,"VH","H",-1
"12","SWC010-MooreRiverNR1996veg2","Perth","SWC010",0,-0.015470408346825,3,6.5,-0.00391006842619745,-0.0296232876712329,-0.0142772736184704,"U","U",0
"13","SWC010-MooreRiverNR1996veg3","Perth","SWC010",2.541666667,0.218832891246684,6,-5.5,0.149642492339122,0.0698245614035088,0.196019264535719,"VH","H",-1
"14","SWC010-MooreRiverNR1996veg4","Perth","SWC010",1.3125,0.231919191919192,11,-2.5,0.157466063348416,0.10337031389663,0.194413161838796,"M","H",1
"15","SWC010-MooreRiverNR1996veg5","Perth","SWC010",1.583333333,0.0957767722473605,6,1,0.0800865800865801,0.030322051083965,0.0857919134028586,"H","M",-1
"16","SWC010-MooreRiverNR1996veg7","Perth","SWC010",1.171875,0.108404802744425,8,3.5,0.0779904306220096,0.0253587491968302,0.0960803182812569,"M","M",0
"17","SWC010-MooreRiverNR1996tree11","Perth","SWC010",2,0.14450035945363,6,-1.5,0.121041879468846,0.0394947518235189,0.125125203017198,"H","H",0
"18","SWC010-MooreRiverNR1996tree13","Perth","SWC010",1.536458333,0.234042553191489,10,-4,0.183864915572233,0.102529281955525,0.189501610763692,"H","H",0
"19","SWC010-MooreRiverNR2008veg2","Perth","SWC010",2.03125,0.210602642603932,7,-7.5,0.165030388031791,0.0903225806451613,0.181573019721858,"VH","H",-1
"20","SWC010-MooreRiverNR2008veg3","Perth","SWC010",1.260416667,0.108128688368551,5,-0.5,0.10077519379845,0.0269531792710601,0.0949951440422408,"M","M",0
"21","SWC010-MooreRiverNR2008veg4","Perth","SWC010",1.09375,0.121121121121121,5,-0.5,0.0942028985507246,0.0247082460565126,0.105400788676645,"M","M",0
"22","SWC010-MooreRiverNR2008veg5","Perth","SWC010",0.828125,0.115175789942145,5,-1,0.0971285892634207,0.0302177858439202,0.0990414638542667,"M","M",0
"23","SWC010-MooreRiverNR2008cbi1","Perth","SWC010",1.03125,0.0541579315164221,4,2,0.0451880801172447,0.00654107796964939,0.0479006830328364,"M","U",-2
"24","SWC010-MooreRiverNR2008cbi2","Perth","SWC010",0.854166667,0.0969855832241153,7,2.5,0.0668403761187266,0.0255209174608302,0.0847881956499072,"M","U",-2
"25","SWC010-MooreRiverNR2008cbi3","Perth","SWC010",0,-0.0227450980392157,0,3,0,-0.0322222222222222,-0.0199824292432516,"U","U",0
"26","SWC038-BanksiaTrk1965veg1","Perth","SWC038",1.9,0.191117956616609,2,-27,0.1501554001554,0.0423969072164949,0.177541088122978,"H","VH",1
"27","SWC038-BanksiaTrk1965veg3","Perth","SWC038",2.004166667,0.18802041364491,1,-26.5,0.115135341212352,0.0290491471035298,0.17418468503552,"VH","H",-1
"28","SWC038-BanksiaTrk1965veg4","Perth","SWC038",1.751041667,0.20993265993266,-2,-26.5,0.118302513039355,0.0299352087263184,0.188341836657635,"H","VH",1
"29","SWC038-BanksiaTrk1965veg5","Perth","SWC038",1.784375,0.249028871391076,-1,-35,0.133218982275586,0.087719298245614,0.216987108386067,"H","VH",1
"30","SWC038-BanksiaTrk1965veg6","Perth","SWC038",1.901041667,0.28547071002314,-4,-32,0.102822580645161,0.106810387065164,0.246006306955209,"H","VH",1
"31","SWC038-BanksiaTrk1965veg7","Perth","SWC038",2.189583333,0.287234042553191,-4,-46.5,0.19047619047619,0.133779264214047,0.245989759537418,"VH","VH",0
"32","SWC038-BanksiaTrk1965cbi1","Perth","SWC038",2.655208333,0.259784075573549,-1,-45.5,0.156186612576065,0.0598639455782313,0.230059241748641,"VH","VH",0
"33","SWC052-YoBWcbi1","Perth","SWC052",0.9,0.213862765586904,5,-8.5,0.0424050632911392,0.120875912408759,0.169012332119693,"M","H",1
"34","SWC052-YBWcbi3","Perth","SWC052",2.3,0.40316742081448,8,-20.5,0.218354430379747,0.259376986649714,0.295208086912441,"VH","VH",0
"35","SWC052-YBWcbi2","Perth","SWC052",2.5,0.431793537193667,10,-21.5,0.265123456790123,0.27403490818125,0.318121704640215,"VH","VH",0
"36","SWC052-YealNR1986veg1","Perth","SWC052",2.354166667,0.290790088826554,6,-31.5,0.186134453781513,0.131629701060752,0.232946674311712,"VH","VH",0
"37","SWC052-YealNR1986veg2","Perth","SWC052",2.34375,0.27470263804904,5,-31.5,0.154548776032152,0.115043047928954,0.223567629938139,"VH","H",-1
"38","SWC052-YealNR1986veg3","Perth","SWC052",2.371875,0.320075757575758,4,-34,0.211764705882353,0.147669977081742,0.260188937197473,"VH","VH",0
"39","SWC052-YealNR1986veg4","Perth","SWC052",2.491666667,0.318881118881119,2,-35,0.201871216290589,0.137100737100737,0.265513004896852,"VH","VH",0
"40","SWC052-YealNR1986cbi1","Perth","SWC052",0.725791667,0.213862765586904,5,-8.5,0.0424050632911392,0.120875912408759,0.169012332119693,"M","H",1
"41","SWC052-YealNR2006veg2","Perth","SWC052",0.96875,0.197857475547275,0,-13,0.105626598465473,0.0937821411874708,0.15916389497431,"M","H",1
"42","SWC052-YealNR2006veg3","Perth","SWC052",1.420833333,0.150867488056324,0,-14.5,0.0655813953488372,0.0518611822959649,0.128260570755265,"H","H",0
"43","SWC052-YealNR2006veg4","Perth","SWC052",1.783333333,0.257020757020757,0,-23,0.130833333333333,0.11817812943802,0.211489984617997,"H","H",0
"44","SWC052-YealNR2006veg5","Perth","SWC052",0.2375,0.0628056628056628,1,-2.5,0.0139556165637154,0.0172077922077922,0.0540075721272233,"L","U",-1
"45","SWC052-YealNR2006cbi2","Perth","SWC052",2.458333333,0.431793537193667,10,-21.5,0.265123456790123,0.27403490818125,0.318121704640215,"VH","VH",0
"46","SWC052-YealNR2006cbi3","Perth","SWC052",2.230208333,0.40316742081448,8,-20.5,0.218354430379747,0.259376986649714,0.295208086912441,"VH","VH",0
"47","SWC052-YealNR2012.2006veg1","Perth","SWC052",0.166666667,0.0433815350389322,0,-5,0.0122192273135669,0.031638418079096,0.0369703639874528,"L","U",-1
"48","SWC052-YealNR2012.2006veg6","Perth","SWC052",1.433333333,0.167314517491972,0,-15.5,0.0950734658599827,0.0611218568665377,0.137425236853784,"H","H",0
"49","SWC052-YealNR1993veg5","Perth","SWC052",1.416666667,0.187741935483871,2,-14.5,0.0979408940573989,0.0691472868217054,0.153760798922089,"H","H",0
"50","SWC052-YealNR1993veg6","Perth","SWC052",1.364583333,0.220719959438905,1,-18,0.113636363636364,0.112968591691996,0.178271197994736,"M","H",1
"51","SWC052-YealNR1993veg7","Perth","SWC052",2.310416667,0.204639602319801,2,-26,0.118681318681319,0.0828560385115429,0.173795935426718,"VH","H",-1
"52","SWC052-YealNR1993cbi1","Perth","SWC052",1.385416667,0.27906976744186,1,-15,0.121816827997022,0.12468112244898,0.218011372926621,"M","H",1
"53","SWC052-YealNR1993cbi2","Perth","SWC052",1.483333333,0.271805752003772,3,-13.5,0.112685560053981,0.147502903600465,0.215222683612202,"H","H",0
"54","SWC052-YealNR1993cbi3","Perth","SWC052",1.339583333,0.283128636069813,1,-20,0.155485098287888,0.143785389399424,0.221935428951021,"M","H",1
"55","SWC052-Yeal2001_CBI4","Perth","SWC052",0,0.0983346550356859,-2,-10.5,0.0266373411534702,0.0299480739041179,0.0835995822717647,"U","M",2
"56","SWC052-Yeal2001_CBI5","Perth","SWC052",0,0.0955623652252866,-1,-10.5,0.038127192313558,0.0633941661190031,0.0833101558938819,"U","M",2
"57","SWC052-ub22","Perth","SWC052",0,0.125,1,-6.5,0.0217391304347826,0.0851252712566581,0.090843023255814,"U","M",2
"58","SWC052-ub24","Perth","SWC052",0,0.0900178253119429,-4,-8.5,0.00116279069767439,0.0467532467532467,0.0732881413982216,"U","U",0
"59","SWC051-KBWcbi11","Perth","SWC051",1.6,0.193982747738271,10,-12,0.122525414660246,0.098868374032162,0.16374364139219,"H","M",-1
"60","SWC051-KBWcbi4","Perth","SWC051",1.7,0.166345783596457,8,-6,0.0800865800865801,0.0790368779090584,0.138036942136639,"H","M",-1
"61","SWC051-KBWcbi10","Perth","SWC051",1.8,0.210309278350515,12,-12,0.148595590456056,0.115158636897767,0.175111805454218,"H","H",0
"62","SWC051-KBWcbi9","Perth","SWC051",1.8,0.232586736934563,12,-13,0.156211051100956,0.118308192842354,0.198331483962151,"H","H",0
"63","SWC051-KBWcbi2","Perth","SWC051",2.2,0.290646326776395,15,-10.5,0.149928263988522,0.152895752895753,0.235333046643075,"VH","VH",0
"64","SWC051-KBWcbi8","Perth","SWC051",2.2,0.277227722772277,14,-20.5,0.188235294117647,0.124901960784314,0.237085206729833,"VH","VH",0
"65","SWC051-KBWcbi1","Perth","SWC051",2.3,0.368321513002364,19,-16.5,0.218650793650794,0.175599245892809,0.303453487670011,"VH","VH",0
"66","SWC051-KBWcbi5","Perth","SWC051",2.4,0.416704805491991,21,-22,0.240030971738289,0.200234741784038,0.340987609472752,"VH","VH",0
"67","SWC051-KBWcbi7","Perth","SWC051",2.5,0.480509745127436,24,-19,0.249512670565302,0.209032773780975,0.387467101564738,"VH","VH",0
"68","SWC051-KBWcbi6","Perth","SWC051",2.5,0.460077785403798,22,-22,0.25986642380085,0.226923545909036,0.379049834592152,"VH","VH",0
"69","SWC051-KBWcbi3","Perth","SWC051",2.6,0.44994944388271,23,-21,0.259826782145237,0.212013661019219,0.369297976993981,"VH","VH",0
"70","SWC051-KooianaRd2008cbi1","Perth","SWC051",2.125,0.368321513002364,19,-16.5,0.218650793650794,0.175599245892809,0.303453487670011,"VH","VH",0
"71","SWC051-KooianaRd2008cbi3","Perth","SWC051",2.625,0.44994944388271,23,-21,0.259826782145237,0.212013661019219,0.369297976993981,"VH","VH",0
"72","SWC051-KooianaRd2008cbi4","Perth","SWC051",1.536458333,0.166345783596457,8,-6,0.0800865800865801,0.0790368779090584,0.138036942136639,"H","M",-1
"73","SWC051-KooianaRd2008cbi5","Perth","SWC051",2.458333333,0.416704805491991,21,-22,0.240030971738289,0.200234741784038,0.340987609472752,"VH","VH",0
"74","SWC051-KooianaRd2008cbi6","Perth","SWC051",2.458333333,0.460077785403798,22,-22,0.25986642380085,0.226923545909036,0.379049834592152,"VH","VH",0
"75","SWC051-KooianaRd2008cbi9","Perth","SWC051",1.833333333,0.232586736934563,12,-13,0.156211051100956,0.118308192842354,0.198331483962151,"H","H",0
"76","SWC051-KooianaRd2008cbi11","Perth","SWC051",1.4375,0.193982747738271,10,-12,0.122525414660246,0.098868374032162,0.16374364139219,"H","M",-1
"77","SWC051-ub150","Perth","SWC051",0,-0.0349206349206349,-1,2,-0.0263157894736842,-0.0260610975939443,-0.0305288428180897,"U","U",0
"78","SWC051-ub151","Perth","SWC051",0,-0.0217391304347826,-1,2,-0.025974025974026,-0.026001705029838,-0.0188515627945557,"U","U",0
"79","SWC051-ub152","Perth","SWC051",0,-0.0357053682896379,-1,1,-0.00786056049213946,-0.0207849640685462,-0.0302901606755341,"U","U",0
"80","SWC051-ub153","Perth","SWC051",0,-0.0141673349371826,0,1.5,0,-0.0189646946564886,-0.0116183711438242,"U","U",0
"81","SWC051-ub154","Perth","SWC051",0,-0.021978021978022,-1,1.5,-0.025974025974026,-0.0200994393314292,-0.0192139570183782,"U","U",0
"82","SWC057-YaBL4","Perth","SWC057",1.06,0.15612777053455,7,-14,0.146979701638542,0.110419777667164,0.132979166412183,"M","H",1
"83","SWC057-YaHM16","Perth","SWC057",1.19,0.486818816953889,25,-28.5,0.329001367989056,0.350505894365543,0.350110054208104,"M","VH",2
"84","SWC057-YaHL14b","Perth","SWC057",1.34,0.283020185793113,2,-32.5,0.178321678321678,0.194273481402194,0.234894234117553,"M","VH",2
"85","SWC057-YaBL10","Perth","SWC057",1.35,0.222796709753232,19,-10.5,0.14367816091954,0.158848349466369,0.158415709223621,"M","H",1
"86","SWC057-YaBL2c","Perth","SWC057",1.64,0.362641898864809,19,-13.5,0.269282360831657,0.222086140028577,0.282165366248879,"H","VH",1
"87","SWC057-YaBL11","Perth","SWC057",1.67,0.513368983957219,33,-16.5,0.331914893617021,0.340425531914894,0.352698696117008,"H","VH",1
"88","SWC057-YaBM7","Perth","SWC057",1.76,0.485420560747664,21,-19,0.32016210739615,0.333333333333333,0.341604898485337,"H","VH",1
"89","SWC057-YaNJL2","Perth","SWC057",1.94,0.265612648221344,24,-14.5,0.202129971745273,0.17873686589086,0.195659959295741,"H","H",0
"90","SWC057-YaBL2b","Perth","SWC057",2.02,0.258484011757371,17,-22.5,0.177691766361717,0.134336677814939,0.21008848982211,"VH","H",-1
"91","SWC057-YaHL14a","Perth","SWC057",2.13,0.601362461827578,28,-17.5,0.395382395382395,0.369446020041596,0.445507397250071,"VH","VH",0
"92","SWC057-YaBM3","Perth","SWC057",2.19,0.472932330827068,17,-17,0.305970149253731,0.29806259314456,0.348219871230617,"VH","VH",0
"93","SWC057-YaBM2c","Perth","SWC057",2.34,0.452056288862223,20,-18.5,0.310820895522388,0.271372038813899,0.340700740193734,"VH","VH",0
"94","SWC057-YaBM11","Perth","SWC057",2.42,0.664526484751204,26,-18.5,0.429409300377042,0.453286177424108,0.464843149121458,"VH","VH",0
"95","SWC057-YaNJH2","Perth","SWC057",2.43,0.748079877112135,25,-34,0.413875598086124,0.478252611585945,0.511205047808694,"VH","VH",0
"96","SWC057-YaBH2c","Perth","SWC057",2.47,0.438299718065496,19,-21.5,0.316083916083916,0.25508607198748,0.34020069652768,"VH","VH",0
"97","SWC057-YaNJM2","Perth","SWC057",2.5,0.509815132456642,28,-21.5,0.348476135710178,0.317148182665424,0.355186863476925,"VH","VH",0
"98","SWC057-YaBM2b","Perth","SWC057",2.5,0.453333333333333,27,-26.5,0.287719298245614,0.269503546099291,0.343174362856422,"VH","VH",0
"99","SWC057-YaHH14","Perth","SWC057",2.51,0.667611622962438,28,-12.5,0.445925925925926,0.418803418803419,0.485714477230458,"VH","VH",0
"100","SWC057-YaHM14","Perth","SWC057",2.53,0.707070707070707,35,-53,0.430555555555556,0.433423752801038,0.49964667842026,"VH","VH",0
"101","SWC057-YaBH10","Perth","SWC057",2.55,0.66852419429739,30,-24.5,0.410628019323671,0.406896551724138,0.462871059671848,"VH","VH",0
"102","SWC057-YaTH5","Perth","SWC057",2.55,0.613888888888889,20,-25,0.414202818458138,0.372749465974977,0.40228629678171,"VH","VH",0
"103","SWC057-YaBH2b","Perth","SWC057",2.65,0.606607310215558,33,-31.5,0.346964510898937,0.343305411514426,0.43234537933172,"VH","VH",0
"104","SWC057-YaBH4","Perth","SWC057",2.65,0.55834904672114,24,-22.5,0.318518518518519,0.316619718309859,0.436186418055139,"VH","VH",0
"105","SWC057-YaHH11","Perth","SWC057",2.67,0.561056105610561,29,-17.5,0.338259441707718,0.360902255639098,0.420476721666671,"VH","VH",0
"106","SWC057-YaHH7b","Perth","SWC057",2.84,0.688945201140323,31,-8,0.434157561817136,0.414337568058076,0.495200877382115,"VH","VH",0
"107","SWC057-YaHH1b","Perth","SWC057",2.85,0.583552474300741,30,-14,0.358024691358025,0.35843484680694,0.425395983362678,"VH","VH",0
"108","SWC057-YaBU15","Perth","SWC057",0,-0.0319336626676076,1,1,0.00791624106230848,-0.0173402694411098,-0.0299784618829654,"U","U",0
"109","SWC057-YaHU3","Perth","SWC057",0,0.162790697674419,8,-19,0.114063215758131,0.117724867724868,0.139879703455029,"U","H",3
"110","SWC057-YaTU1","Perth","SWC057",0,0.0795883361921098,2,-5,0.0569663692518875,0.0539657304363187,0.0668989868552142,"U","H",3
"111","SWC057-YaTL1","Perth","SWC057",1.02,0.340319911748483,18,-21.5,0.236141636141636,0.251987540099493,0.248708790223205,"M","VH",2
"112","SWC057-YaHL10","Perth","SWC057",1.18,0.455674760022586,27,-21,0.301851851851852,0.240601503759398,0.361110825225493,"M","VH",2
"113","SWC057-YaBL1","Perth","SWC057",1.21,0.0950384346610762,7,-7,0.107992515370222,0.0679546968687542,0.0838765263523394,"M","H",1
"114","SWC057-YaHL9","Perth","SWC057",1.24,0.115229110512129,7,-8.5,0.0729468599033817,0.0778734257930815,0.100030184546916,"M","H",1
"115","SWC057-YaHL3","Perth","SWC057",1.25,0.383299642357332,22,-14.5,0.221861471861472,0.242577675489068,0.306957372524588,"M","VH",2
"116","SWC057-YaBL15","Perth","SWC057",1.3,0.0948090948090948,5,-11.5,0.0767032967032967,0.0592673992673993,0.0891010111150488,"M","H",1
"117","SWC057-YaBL9","Perth","SWC057",1.44,0.340185676392573,23,-18.5,0.252220663861618,0.212212294643225,0.263819948285119,"H","VH",1
"118","SWC057-YaTL5","Perth","SWC057",1.5,0.165269774751179,14,-6,0.182708857407653,0.16090491339696,0.104077015011831,"H","H",0
"119","SWC057-YaHL13","Perth","SWC057",1.52,0.493675213675214,20,-19.5,0.3242781965581,0.267440805588315,0.385382680464648,"H","VH",1
"120","SWC057-YaBL12","Perth","SWC057",1.65,0.493675213675214,20,-19.5,0.3242781965581,0.267440805588315,0.385382680464648,"H","VH",1
"121","SWC057-YaBL7","Perth","SWC057",1.84,0.263157894736842,33,-10,0.159514089415513,0.144458544839256,0.208168533244515,"H","H",0
"122","SWC057-YaTL13","Perth","SWC057",1.98,0.203309692671395,12,-5,0.209819121447028,0.0836547733847637,0.142520255276978,"H","VH",1
"123","SWC057-YaHH10","Perth","SWC057",1.99,0.525925925925926,43,7.5,0.300798580301686,0.245730027548209,0.417315661092662,"H","VH",1
"124","SWC057-YaBM2a","Perth","SWC057",2.01,0.447475832438238,20,-29.5,0.28036454018227,0.254201680672269,0.348173177293359,"VH","VH",0
"125","SWC057-YaHM9","Perth","SWC057",2.23,0.512693498452012,23,-14,0.352316602316602,0.277217741935484,0.403191445329334,"VH","VH",0
"126","SWC057-YaBL2a","Perth","SWC057",2.27,0.201382402391183,13,-15.5,0.143186401613368,0.093209449441534,0.177730793244845,"VH","H",-1
"127","SWC057-YaBM13","Perth","SWC057",2.28,0.45812356979405,23,-26,0.300865800865801,0.244548215985855,0.35645799689123,"VH","VH",0
"128","SWC057-YaHM8","Perth","SWC057",2.31,0.524822695035461,22,-40.5,0.398085492655554,0.304434862950416,0.39332202975428,"VH","VH",0
"129","SWC057-YaTM13","Perth","SWC057",2.33,0.397731300957107,17,-12,0.320099875156055,0.239605355884426,0.265951079697385,"VH","VH",0
"130","SWC057-YaTM5","Perth","SWC057",2.35,0.365432098765432,18,-14.5,0.336996336996337,0.305415713196034,0.22825240397591,"VH","VH",0
"131","SWC057-YaHM1","Perth","SWC057",2.36,0.49412656309208,24,-19.5,0.305106940200786,0.256739811912226,0.394119757398737,"VH","VH",0
"132","SWC057-YaHM3","Perth","SWC057",2.38,0.467650811007837,22,-22.5,0.306941838649156,0.256971738723563,0.374626596123184,"VH","VH",0
"133","SWC057-YaTH13","Perth","SWC057",2.41,0.734412081984897,28,-22.5,0.481395348837209,0.450711102972594,0.485686585190982,"VH","VH",0
"134","SWC057-YaBH2a","Perth","SWC057",2.43,0.603296455181757,20,-38.5,0.312393887945671,0.317859952793076,0.462890058933596,"VH","VH",0
"135","SWC057-YaTH1","Perth","SWC057",2.45,0.547826086956522,28,-30.5,0.32156211051101,0.298184485604255,0.406150275601973,"VH","VH",0
"136","SWC057-YaBM1","Perth","SWC057",2.52,0.647415329768271,24,-21,0.423091676256233,0.390625,0.450754007702036,"VH","VH",0
"137","SWC057-YaTM1","Perth","SWC057",2.52,0.504543409806568,16,-29.5,0.346527068437181,0.340852130325815,0.357445273363093,"VH","VH",0
"138","SWC057-YaHH8","Perth","SWC057",2.53,0.702896776825785,21,-35,0.442983504661726,0.430936819172113,0.490651337657148,"VH","VH",0
"139","SWC057-YaHH9","Perth","SWC057",2.53,0.601294653560297,26,-14,0.402255639097744,0.319906292705147,0.461354140625819,"VH","VH",0
"140","SWC057-YaHH3","Perth","SWC057",2.6,0.597296508800934,30,-23,0.360532150776053,0.367032967032967,0.445192375366611,"VH","VH",0
"141","SWC057-YaBH9","Perth","SWC057",2.61,0.580410197431474,30,-20,0.333333333333333,0.343176052765094,0.439655088550281,"VH","VH",0
"142","SWC057-YaBH15","Perth","SWC057",2.63,0.616849816849817,23,-47,0.353476519839825,0.31785944551902,0.459766349143945,"VH","VH",0
"143","SWC057-YaBL8","Perth","SWC057",2.68,0.246760563380282,25,-18,0.200364298724954,0.140512991497773,0.218805809843764,"VH","H",-1
"144","SWC057-YaHM12","Perth","SWC057",2.69,0.555378908320085,19,-27,0.395577395577396,0.325005270925575,0.428825064333989,"VH","VH",0
"145","SWC057-YaBM8","Perth","SWC057",2.7,0.438000552333609,15,-31.5,0.275220490515887,0.225026935508696,0.348753776974818,"VH","VH",0
"146","SWC057-YaBH1","Perth","SWC057",2.72,0.772065313327449,28,-25.5,0.473072215422277,0.514606187600148,0.492017753699203,"VH","VH",0
"147","SWC057-YaHH1","Perth","SWC057",2.75,0.314503816793893,18,-21,0.207586206896552,0.199746353836398,0.261868290419561,"VH","VH",0
"148","SWC057-YaHH12","Perth","SWC057",2.84,0.627168696936139,23,-33.5,0.403225806451613,0.347799879445449,0.472770611087319,"VH","VH",0
"149","SWC057-YaHH27","Perth","SWC057",2.9,0.374357719598728,33,-10.5,0.154440154440154,0.176483762597984,0.316895698026983,"VH","VH",0
"150","SWC057-CaraWestContol_CBI1","Perth","SWC057",1.835416667,0.279312920089619,10,-14.5,0.207195203197868,0.156790577843209,0.226757507098298,"H","VH",1
"151","SWC057-CaraWestPB_ub1","Perth","SWC057",0,0.183006535947712,9,-12.5,0.13691026827012,0.14247311827957,0.141304951224559,"U","H",3
"152","SWC057-CaraWestPB_pb2","Perth","SWC057",1.441666667,0.203612479474548,12,-15,0.152951503181918,0.136127744510978,0.164323510586277,"H","H",0
"153","SWC057-CaraWestPB_pb4","Perth","SWC057",1.765625,0.260168697282099,16,-17.5,0.198620689655172,0.173214285714286,0.203359981597973,"H","H",0
"154","SWC057-CaraWestPB_pb6","Perth","SWC057",1.755208333,0.627996749288907,33,-23.5,0.38655462184874,0.396621731362677,0.444114172543888,"H","VH",1
"155","SWC057-CaraWestPB_hs2_north","Perth","SWC057",2.547916667,0.310047095761381,19,-25.5,0.238402457757296,0.208304011259676,0.24408721885169,"VH","VH",0
"156","SWC057-CaraWestPB_hs2_south","Perth","SWC057",2.735416667,0.453923034547887,24,-31,0.290345313601128,0.265024630541872,0.354807403491986,"VH","VH",0
"157","SWC057-CaraWestContol_plot2","Perth","SWC057",2.525,0.368843069873998,22,-21,0.254425546685179,0.205066879262999,0.293027492712989,"VH","VH",0
"158","SWC057-CaraWestContol_plot4","Perth","SWC057",2.754166667,0.482142857142857,28,-26.5,0.308527131782946,0.263763066202091,0.372983128269358,"VH","VH",0
"159","SWC057-CaraWestPB_ub1a","Perth","SWC057",0.1025,0.12987012987013,5,-10,0.105286246983988,0.0963944076526858,0.103223675382186,"L","H",2
"160","SWC057-WilbingaRd_CaraPB1","Perth","SWC057",2.833333333,0.330578512396694,24,-21,0.24780701754386,0.23239794919964,0.259536338331571,"VH","VH",0
"161","SWC057-WilbingaRd_CaraPB17.1","Perth","SWC057",2.6,0.426629230087188,21,-27.5,0.282017687520472,0.258720930232558,0.341706665599844,"VH","VH",0
"162","SWC057-WilbingaRd_CaraPB17.2","Perth","SWC057",2.833333333,0.528153955808981,12,-55.5,0.394500561167228,0.331885986413614,0.391565644315719,"VH","VH",0
"163","SWC057-WilbingaRd_CaraPB17.3","Perth","SWC057",2.045625,0.250505050505051,16,-17.5,0.191666666666667,0.149110807113543,0.208580391761075,"VH","H",-1
"164","SWC057-WilbingaRd_CaraPB17.4","Perth","SWC057",2.625,0.526881720430108,11,-34,0.367845117845118,0.32583427071616,0.394865141466481,"VH","VH",0
"165","SWC057-WilbingaRd_CaraWF1","Perth","SWC057",2.555,0.422842821339062,19,-24.5,0.295698924731183,0.269745649263722,0.304476160496319,"VH","VH",0
"166","SWC057-WilbingaRd_CaraWF2","Perth","SWC057",1.85,0.25531914893617,16,-11.5,0.207751937984496,0.199538434226877,0.173794661607311,"H","H",0
"167","SWC057-Yanch01_CBI1","Perth","SWC057",1.985416667,0.543998244459074,23,-25,0.406214039125432,0.353604180542036,0.371744591820989,"H","VH",1
"168","SWC057-Yanch01_CBI2","Perth","SWC057",0,0.0178571428571428,2,-5,0.0647650222118307,0.0371078197165154,0.0161144772463581,"U","L",1
"169","SWC057-Yanch01_CBI3","Perth","SWC057",1.311666667,0.0856846113899948,4,-8,0.0847367014167335,0.0814569536423841,0.0769018407814967,"M","H",1
"170","SWC057-Yanch01_CBI4","Perth","SWC057",2.253333333,0.437761621502534,14,-17,0.300180831826401,0.281573498964803,0.341494660429362,"VH","VH",0
"171","SWC057-Yanch01_CBI5","Perth","SWC057",2.453333333,0.355392156862745,21,-18.5,0.23033389926429,0.183713514839343,0.270316624658842,"VH","VH",0
"172","SWC057-Yanch02_CBI1","Perth","SWC057",2.916666667,0.651515151515151,27,-23.5,0.339031339031339,0.339676113360324,0.493878207336963,"VH","VH",0
"173","SWC057-Yanch02_plot1","Perth","SWC057",2.958333333,0.620648259303721,27,-19.5,0.359224881941052,0.344064386317907,0.467520864361979,"VH","VH",0
"174","SWC057-Yanch02_plot2","Perth","SWC057",2.891666667,0.639414163885799,24,-18,0.347903340440654,0.361151986546143,0.487050995891487,"VH","VH",0
"175","SWC057-Yanch02_plot3","Perth","SWC057",2.958333333,0.630073305918112,21,-21,0.344611528822055,0.329994827667278,0.477274410981212,"VH","VH",0
"176","SWC057-Yanch02_plot4","Perth","SWC057",3,0.623758865248227,23,-21,0.355592377796189,0.34350705441981,0.464997012810549,"VH","VH",0
"177","SWC057-Yanch02_plot6","Perth","SWC057",2.916666667,0.546859520507232,25,-28,0.286825817860301,0.270902750871755,0.431854123432358,"VH","VH",0
"178","SWC057-Yanch02_plot7","Perth","SWC057",2.916666667,0.554042553191489,24,-35,0.289241622574956,0.275286757038582,0.448601994935139,"VH","VH",0
"179","SWC057-Yanch05_CBI1","Perth","SWC057",2.85,0.613763285894433,21,-23.5,0.364823084850567,0.339554485249849,0.465084469413973,"VH","VH",0
"180","SWC057-Yanch05_CBI2","Perth","SWC057",2.75,0.708386009270965,26,-27,0.383686488949647,0.396326840966251,0.512597987481144,"VH","VH",0
"181","SWC057-Yanch05_CBI3","Perth","SWC057",2.708333333,0.722408963585434,30,-26.5,0.375565610859728,0.402317128577919,0.513891407313239,"VH","VH",0
"182","SWC057-Yanch05_CBI4","Perth","SWC057",2.835,0.672173913043478,27,-31,0.502748625687156,0.546078431372549,0.406596007679562,"VH","VH",0
"183","SWC057-Yanch05_CBI5","Perth","SWC057",2.82,0.525931164545026,18,-26.5,0.427644644512114,0.437976437976438,0.329481651962816,"VH","VH",0
"184","SWC057-Yanch05_plot1","Perth","SWC057",2.825,0.616638370118846,21,-22.5,0.359853121175031,0.304542486708329,0.46457548008478,"VH","VH",0
"185","SWC057-Yanch05_plot2","Perth","SWC057",2.775,0.538338016860698,21,-38.5,0.285178236397749,0.259773576487647,0.428504188061253,"VH","VH",0
"186","SWC057-Yanch05_plot3","Perth","SWC057",2.908333333,0.557333970377449,25,-28.5,0.292105263157895,0.276942355889724,0.4368761687327,"VH","VH",0
"187","SWC057-Yanch05_plot4","Perth","SWC057",2.875,0.669390320553111,20,-24.5,0.414228963524738,0.395969311805794,0.487505441522006,"VH","VH",0
"188","SWC057-Yanch05_plot5","Perth","SWC057",2.64375,0.567637540453074,21,-37,0.30689928628073,0.266978922716628,0.447781388735005,"VH","VH",0
"189","SWC057-Yanch05_plot6","Perth","SWC057",2.5375,0.514638560630257,21,-33.5,0.285164835164835,0.250668449197861,0.412267631455935,"VH","VH",0
"190","SWC057-Yanch05_plot7","Perth","SWC057",2.508333333,0.492727272727273,24,-25.5,0.252941176470588,0.251470588235294,0.386838912283206,"VH","VH",0
"191","SWC057-Yanch09_CBI1","Perth","SWC057",1.875,0.308464601003981,15,-32.5,0.227106227106227,0.156790577843209,0.255235880492889,"H","VH",1
"192","SWC057-Yanch09_CBI2","Perth","SWC057",1.2775,0.203966475811136,19,-14.5,0.164355062413315,0.0929839391377853,0.167918529591132,"M","H",1
"193","SWC057-Yanch09_CBI3","Perth","SWC057",0,0.000465983224603894,3,-3.5,0.0466666666666667,0.0276094276094276,0.000391367068652812,"U","M",2
"194","SWC057-Yanch09_CBI4","Perth","SWC057",1.975,0.329939668174962,18,-29,0.222727272727273,0.157253484770263,0.281020486554053,"H","VH",1
"195","SWC057-Yanch09_CBI5","Perth","SWC057",1.645,0.228282828282828,18,-18,0.184824159021407,0.111259160559627,0.187242644926636,"H","H",0
"196","SWC057-Yanch09_CBI6","Perth","SWC057",1.559375,0.132822477650064,12,-14.5,0.116573396470082,0.0635386119257087,0.10996179884815,"H","H",0
"197","SWC057-Yanch91_CBI1","Perth","SWC057",2.686666667,0.635903426791277,26,-22.5,0.420269961107298,0.414950419527079,0.435749264589729,"VH","VH",0
"198","SWC057-Yanch91_plot1","Perth","SWC057",2.213333333,0.452660550458716,19,-31,0.303613053613054,0.260950317288345,0.358969508690496,"VH","VH",0
"199","SWC057-Yanch91_plot3","Perth","SWC057",2.546666667,0.600517001391927,23,-17,0.35,0.36188622106857,0.427336579487646,"VH","VH",0
"200","SWC057-Yanch91_plot6","Perth","SWC057",2.581666667,0.521935483870968,21,-21,0.321319130307894,0.288653282201669,0.407443781320037,"VH","VH",0
"201","SWC057-ub1","Perth","SWC057",0,0.0283505154639175,2,-5,0.0634746922024624,0.0587529976019185,0.0221600844500673,"U","H",3
"202","SWC057-ub2","Perth","SWC057",0,0.018018018018018,1,-5.5,0.0473469387755102,0.048625135932888,0.0149130198119468,"U","L",1
"203","SWC057-ub3","Perth","SWC057",0,0.0237986270022884,2,-5.5,0.0654646324549237,0.0532732779374078,0.0184778186224431,"U","H",3
"204","SWC057-ub4","Perth","SWC057",0,0.0202020202020202,3,-3,0.0499283325370282,0.0501511834011052,0.0149143543203156,"U","M",2
"205","SWC057-ub5","Perth","SWC057",0,0.0282828282828283,2,-5,0.0629274965800273,0.0548098434004474,0.0235493990697988,"U","H",3
"206","SWC057-ub6","Perth","SWC057",0,0.0296022201665125,0,-2.5,0.0513368983957219,0.0144730890999548,0.0212613141751175,"U","M",2
"207","SWC057-ub7","Perth","SWC057",0,0.0133161512027491,1,-5,0.0640826873385013,0.034918102032196,0.0103013031480782,"U","M",2
"208","SWC057-ub8","Perth","SWC057",0,0.0169491525423729,2,-4.5,0.0315640980426733,0.0436345155552329,0.0136875675823649,"U","L",1
"209","SWC057-ub9","Perth","SWC057",0,0.0334746960701159,1,-10,0.0502421307506054,0.0480738850407097,0.0296034265966286,"U","M",2
"210","SWC057-ub10","Perth","SWC057",0,0.0599250936329588,4,-5.5,0.0808641975308642,0.0908817695497986,0.0429799042085385,"U","M",2
"211","SWC057-ub11","Perth","SWC057",0,0.0231481481481481,-1,-12,0.0757575757575758,0.0578231292517007,0.0201437457698134,"U","H",3
"212","SWC057-ub12","Perth","SWC057",0,0.0227513227513227,3,-3,0.049645390070922,0.0451376786336703,0.0188854094839891,"U","M",2
"213","SWC057-ub13","Perth","SWC057",0,-0.0182075204975968,3,-1,0.0189663347558084,0.019817439346625,-0.0165930756889025,"U","U",0
"214","SWC057-ub14","Perth","SWC057",0,0.119298245614035,7,-11.5,0.1414708886619,0.177681110925213,0.0820691070157018,"U","H",3
"215","SWC057-ub15","Perth","SWC057",0,0.0262591963780419,0,-5.5,0.0499282639885222,0.0467153284671533,0.0210357666970265,"U","L",1
"216","SWC057-ub16","Perth","SWC057",0,0.031003100310031,3,-5.5,0.0797312430011199,0.0731997722213594,0.0211430924255281,"U","H",3
"217","SWC057-ub17","Perth","SWC057",0,0.027445855115758,2,-5,0.0605209397344229,0.0520430107526882,0.0233765391145158,"U","M",2
"218","SWC057-ub18","Perth","SWC057",0,0.0282869785082174,1,-4.5,0.0473469387755102,0.0382853149025394,0.0236231030252353,"U","L",1
"219","SWC057-ub19","Perth","SWC057",0,0.0709219858156028,4,-8.5,0.0919540229885058,0.121919302071974,0.0504691103809913,"U","M",2
"220","SWC057-ub20","Perth","SWC057",0,-0.0213324007693653,1,-3.5,0.021279479533749,0.00642974047229367,-0.0179419178939601,"U","U",0
