"","id","Veg.Type","BURNID","OzCBI","preNBR","preNDVI","preNIR","prei35","preNDWI","dNBRmax","dNIRmax","di35max","dNDVImax","dNDWImax","RBRmax","Severity_class","predict","dif"
"1","PHS136-ChuB1","Northern Jarrah Forest","PHS136",2,0.660684662946765,0.747936507936508,264.666666666667,582.333333333333,0.341944918352425,0.135744759100611,152.666666666667,-107.166666666667,0.0581554860386977,0.0826397074343109,0.0816910465189508,"H","U",-3
"2","PHS136-ChuB7","Northern Jarrah Forest","PHS136",2.1,0.358369956052737,0.652892561983471,357,914.5,0.0718789407313997,0.299173606705544,181.333333333333,-242.166666666667,0.210488555305675,0.216433396176944,0.220082550282535,"VH","VH",0
"3","PHS136-ChuB3","Northern Jarrah Forest","PHS136",2.2,0.44080604534005,0.681254082299151,325.333333333333,753.666666666667,0.184265010351967,0.538689643223648,195.333333333333,-387.833333333333,0.298217559510138,0.448028954216666,0.373621434703166,"VH","VH",0
"4","PHS136-ChuB3OP","Northern Jarrah Forest","PHS136",2.2,0.531978931527464,0.721533258173619,329.333333333333,796.666666666667,0.233939393939394,0.283522353121647,159.333333333333,-238.166666666667,0.147309047941581,0.206619457159082,0.184948629945713,"VH","H",-1
"5","PHS136-ChuB5","Northern Jarrah Forest","PHS136",2.3,0.531953428201811,0.713996236792589,329.333333333333,778.666666666667,0.232899531494014,0.51972101229967,144,-350.166666666667,0.301547792848082,0.379806747988859,0.339032486400657,"VH","VH",0
"6","PHS136-ChuB2OP","Northern Jarrah Forest","PHS136",2.3,0.444623734780695,0.651794699765179,346,801,0.132995858260469,0.201535655010337,232.333333333333,-84.1666666666666,0.0597661229650291,0.116565963263558,0.139410864778663,"VH","H",-1
"7","PHS136-ChuB2","Northern Jarrah Forest","PHS136",2.4,0.452456612075287,0.635562895678503,331,716.5,0.148212560386473,0.36233780593214,252,-80,0.171832325730316,0.29223986414074,0.249293857774526,"VH","VH",0
"8","PHS136-ChuB6","Northern Jarrah Forest","PHS136",2.4,0.534769230769231,0.718340912222682,340.666666666667,813.708333333333,0.235234392412273,0.411237881257866,93.6666666666667,-256.916666666667,0.206419453597156,0.323233963538335,0.267773225963048,"VH","VH",0
"9","PHS136-ChuB5OP","Northern Jarrah Forest","PHS136",2.4,0.519232795868901,0.714013950538998,300.666666666667,730.958333333333,0.216232177507804,0.443701292196694,157,-311.625,0.309896066001251,0.355341088398893,0.291864044376896,"VH","VH",0
"10","PHS136-ChuB6OP","Northern Jarrah Forest","PHS136",2.4,0.444839857651246,0.637341299477222,404.666666666667,886.333333333333,0.143661971830986,0.408619385210301,186,-232.5,0.252369714547733,0.275789290356289,0.282617319648456,"VH","VH",0
"11","PHS136-ChuB7OP","Northern Jarrah Forest","PHS136",2.4,0.431614989537759,0.653339191564148,394.5,915.25,0.134287867370008,0.390655948578718,133,-298.75,0.285166922656585,0.272703610713814,0.272687324530065,"VH","VH",0
"12","PHS136-ChuB1OP","Northern Jarrah Forest","PHS136",2.6,0.350780532598714,0.628112894299945,336,801,0.0748995250274023,0.142183819577223,196,-151.25,0.122996127047255,0.0745507283758501,0.105182621104835,"VH","H",-1
"13","PHS136-ub117","Northern Jarrah Forest","PHS136",0,0.527657905060808,0.752475247524752,275,727,0.245681381957774,0.0125527425369075,104,-138.5,0.0723533891850724,0.0147290010053925,0.00821160999812328,"U","U",0
"14","PHS136-ub118","Northern Jarrah Forest","PHS136",0,0.556349206349206,0.754809843400447,274,700,0.270489148040168,0.0317838246409675,148,-96.5,0.0399536133684986,0.030850631368308,0.0204089259566108,"U","U",0
"15","PHS136-ub119","Northern Jarrah Forest","PHS136",0,0.556146886641831,0.764634882317441,195,546,0.239508266214498,0.014862482972106,149,-57.5,0.0493536478724437,0.0210782320848048,0.00954468913601253,"U","U",0
"16","PHS136-ub120","Northern Jarrah Forest","PHS136",0,0.555790960451977,0.763105242096839,296,767,0.280441732054635,0.0446624950087912,114,-78.5,0.0943681820554308,0.0800695236179107,0.0286888195932384,"U","U",0
"17","PHS141-M61OP","Northern Jarrah Forest","PHS141",2,0.630325942576888,0.808250226654578,282,781.5,0.349801201252009,0.206194315520215,50.6666666666667,-137.166666666667,0.144735888643596,0.173571693055288,0.126396761149096,"H","H",0
"18","PHS141-M63OP","Northern Jarrah Forest","PHS141",2.2,0.682412678873673,0.843223196223871,232.5,712.25,0.392688829448478,0.281908900536141,24,-255.25,0.240370992248071,0.26378911859777,0.167462740464067,"VH","U",-4
"19","PHS141-M58","Northern Jarrah Forest","PHS141",2.2,0.593365342645133,0.796456692913386,258.5,689.125,0.341565600882029,0.569288296096176,46,-475.875,0.384171136742938,0.49111154772865,0.357062638574229,"VH","VH",0
"20","PHS141-M65OP","Northern Jarrah Forest","PHS141",2.2,0.617229129662522,0.820635872825435,224.25,682.125,0.332601536772777,0.389650294814847,7,-324.375,0.249207301396864,0.288886186413784,0.24078808598391,"VH","VH",0
"21","PHS141-M52","Northern Jarrah Forest","PHS141",2.2,0.492689800951207,0.784751474304971,170.333333333333,519.666666666667,0.238164815897136,0.104359168860445,1.33333333333334,-262.833333333333,0.164616549551468,0.132160942430383,0.0698666944060187,"VH","U",-4
"22","PHS141-M59","Northern Jarrah Forest","PHS141",2.2,0.563226614201395,0.826159632260761,138.666666666667,462.833333333333,0.298469766750854,0.387430079824648,12.3333333333333,-477.833333333333,0.268876641329796,0.323724632367166,0.247681554774241,"VH","VH",0
"23","PHS141-M64OP","Northern Jarrah Forest","PHS141",2.3,0.563845050215208,0.777367105120122,256,688,0.291979454760964,0.318761842953483,-0.25,-403.5,0.22786374081381,0.250536873299401,0.203701857196433,"VH","VH",0
"24","PHS141-M54OP","Northern Jarrah Forest","PHS141",2.3,0.619099590723056,0.809698078682525,156,440.5,0.343445777677156,0.36180747056633,4,-366.25,0.217764508101268,0.273816148047527,0.223324215769263,"VH","VH",0
"25","PHS141-M53OP","Northern Jarrah Forest","PHS141",2.4,0.627610463838206,0.809973924380704,194.333333333333,510.041666666667,0.383020453908658,0.324103813294071,25.6666666666667,-424.958333333333,0.23839234637285,0.314724145377813,0.199006343438469,"VH","VH",0
"26","PHS141-M59OP","Northern Jarrah Forest","PHS141",2.4,0.657035175879397,0.820251854407452,173.666666666667,457.333333333333,0.407120949459928,0.530562277214825,19,-656,0.354992998821621,0.490241154063509,0.319994584513819,"VH","VH",0
"27","PHS141-M51OP","Northern Jarrah Forest","PHS141",2.4,0.64439068642274,0.802452767649983,223.5,540.25,0.408200258955546,0.341306894500821,22,-447.125,0.230153328488803,0.368173740351088,0.20743212983833,"VH","H",-1
"28","PHS141-M510","Northern Jarrah Forest","PHS141",2.4,0.629664179104478,0.812554037696697,180.666666666667,477.833333333333,0.385408406026963,0.271841768956486,27.6666666666667,-363.5,0.160543772512779,0.268451884287832,0.166706163316702,"VH","U",-4
"29","PHS141-M52OP","Northern Jarrah Forest","PHS141",2.4,0.636062861869313,0.772997198879552,253.25,556.125,0.39443073669369,0.359531325806543,58.25,-439.25,0.190413466822136,0.350244116106181,0.219619743493542,"VH","VH",0
"30","PHS141-M57","Northern Jarrah Forest","PHS141",2.4,0.613077616166817,0.800057454754381,232,635,0.336034115138593,0.732498287661221,20,-550.333333333333,0.462992280823953,0.590659236852322,0.453818503103209,"VH","VH",0
"31","PHS141-M55OP","Northern Jarrah Forest","PHS141",2.5,0.652234636871508,0.832971800433839,179.666666666667,525.333333333333,0.38719512195122,0.555327420376663,1.33333333333331,-620,0.38633685821766,0.49119512195122,0.335903572300865,"VH","VH",0
"32","PHS141-M57OP","Northern Jarrah Forest","PHS141",2.5,0.66331109763493,0.804948670702817,185.25,445.125,0.417174744238917,0.428647862971696,22.25,-463.625,0.276736750173015,0.406286089514646,0.257552727720692,"VH","VH",0
"33","PHS141-M58OP","Northern Jarrah Forest","PHS141",2.5,0.634928984744871,0.808027923211169,165,454,0.353069220722682,0.453007510183578,15,-572.5,0.265109849637329,0.379787174771959,0.276911476236376,"VH","VH",0
"34","PHS141-M510OP","Northern Jarrah Forest","PHS141",2.5,0.659494855004677,0.82018725150699,175.25,458.125,0.410735586481113,0.520342542250661,1.5,-638.375,0.314575139786812,0.481024640343062,0.313365946713033,"VH","VH",0
"35","PHS141-M53","Northern Jarrah Forest","PHS141",2.5,0.522158841597192,0.796478508544795,131,413.5,0.24851538599964,0.498057111595713,25,-613,0.366284656968528,0.394507987725904,0.326989607382936,"VH","VH",0
"36","PHS141-M54","Northern Jarrah Forest","PHS141",2.5,0.524271844660194,0.817655571635311,94.5,310.25,0.283378746594005,0.328600068285081,24,-620,0.319813068938439,0.304419721123352,0.215437051064355,"VH","VH",0
"37","PHS141-M56OP","Northern Jarrah Forest","PHS141",2.5,0.674662128996368,0.828759291023442,199.666666666667,526.833333333333,0.42806116754102,0.608261331389189,31.3333333333333,-625.583333333333,0.427291785782352,0.555203325203824,0.362997600091079,"VH","VH",0
"38","PHS141-M55","Northern Jarrah Forest","PHS141",2.6,0.503657545380656,0.816099476439791,140.5,504.75,0.229780633724795,0.431963679314252,16,-517.125,0.405223791153081,0.357562991515397,0.287084380522593,"VH","VH",0
"39","PHS141-M56","Northern Jarrah Forest","PHS141",2.7,0.64967562557924,0.823770491803279,172,475,0.391712275215012,0.688815410525477,38,-630.5,0.444758146124266,0.590708331149038,0.417293016175582,"VH","VH",0
"40","PHS141-M62OP","Northern Jarrah Forest","PHS141",2.8,0.649785407725322,0.821609098567818,282.333333333333,793.666666666667,0.376790830945559,0.238062243883514,26.6666666666667,-182.833333333333,0.191271303794077,0.208924002179076,0.14421150245782,"VH","U",-4
"41","PHS141-ub138","Northern Jarrah Forest","PHS141",0,0.648103309120258,0.834681042228212,184,535,0.394808743169399,0.19473636637629,-8,-501,0.240030836466895,0.255544360899672,0.118086214065131,"U","U",0
"42","PHS141-ub139","Northern Jarrah Forest","PHS141",0,0.67470340604669,0.83249581239531,200,546,0.420779220779221,0.142267665532614,22,-359,0.176463542501654,0.21749120307451,0.0849002663712732,"U","U",0
"43","PHS141-ub140","Northern Jarrah Forest","PHS141",0,0.673634945397816,0.810938555030385,280,697.5,0.412694232288649,0.276634156131833,38,-280.5,0.179468575734319,0.347712282830165,0.165190722247897,"U","U",0
"44","PHS141-ub141","Northern Jarrah Forest","PHS141",0,0.649173955296404,0.822771213748657,165,443.5,0.403059115336916,0.118731554945988,-1,-346.5,0.15131330820451,0.193644092837781,0.0719509325455701,"U","U",0
"45","PHS141-ub142","Northern Jarrah Forest","PHS141",0,0.689570980118591,0.843226788432268,206,585.5,0.430174195453203,0.13917030529784,46,-239.5,0.151259212898001,0.206019911545521,0.0823214801002189,"U","U",0
"46","PHS141-ub143","Northern Jarrah Forest","PHS141",0,0.645017793594306,0.773621103117506,236,542.5,0.370644922164566,0.0412762969956666,44,-206,0.0622485540978981,0.0924341461564335,0.0250764585633878,"U","U",0
"47","PHS141-ub144","Northern Jarrah Forest","PHS141",0,0.511943793911007,0.774601429356789,205,607.5,0.230182926829268,0.151015360642148,24,-392,0.205870643234699,0.160400798632236,0.0998155789064502,"U","U",0
"48","PHS141-ub145","Northern Jarrah Forest","PHS141",0,0.759370078740157,0.892276422764228,159,511.5,0.527481542247744,0.127729908131394,-25,-231.5,0.145450433219792,0.225904060033083,0.0725585544051094,"U","U",0
"49","PHS141-ub146","Northern Jarrah Forest","PHS141",0,0.76078167115903,0.851222104144527,210,533.5,0.506051873198847,0.142770414123382,47,-255,0.131040222367682,0.193018986475339,0.0810375181332528,"U","U",0
"50","PHS137-GE2","Northern Jarrah Forest","PHS137",1.9,0.512490537471612,0.730869188564828,233,574,0.241765071472965,0.361572150802421,1.5,-661.5,0.187837962365285,0.320716427739066,0.238899511989319,"H","VH",1
"51","PHS137-GB19","Northern Jarrah Forest","PHS137",1.9,0.683048942474711,0.81010989010989,216,549.5,0.399728076138681,0.466285620448231,-29,-352.25,0.270370205811912,0.399008133734074,0.276883651470975,"H","VH",1
"52","PHS137-GB18","Northern Jarrah Forest","PHS137",1.9,0.612869565217391,0.821288295365279,151.666666666667,507.458333333333,0.283287784965579,0.335558640847643,20,-269.541666666667,0.226397784416374,0.247742761268897,0.207921785056058,"H","VH",1
"53","PHS137-GE3","Northern Jarrah Forest","PHS137",2.2,0.681968260730642,0.837774933085069,174.25,525.375,0.385020171899667,0.475376760296991,-10,-746.375,0.371192601227595,0.4321434595709,0.282463294994411,"VH","VH",0
"54","PHS137-GE4","Northern Jarrah Forest","PHS137",2.2,0.72678936605317,0.816174361915687,213.666666666667,502.833333333333,0.454357561143645,0.433908094940947,-7.33333333333334,-567.333333333333,0.274706581486093,0.425587028540359,0.251134833600772,"VH","VH",0
"55","PHS137-GE5","Northern Jarrah Forest","PHS137",2.2,0.598455598455598,0.776824034334764,234,635,0.285270783028631,0.392665210499605,-13.3333333333333,-541.666666666667,0.270894037227445,0.299099159615105,0.245499287931941,"VH","VH",0
"56","PHS137-GB14","Northern Jarrah Forest","PHS137",2.3,0.722321962896469,0.85271018411227,143,437.5,0.421515361058975,0.406988794702266,1.75,-371.75,0.303927917815055,0.376445492922781,0.236165268861438,"VH","VH",0
"57","PHS137-GB15","Northern Jarrah Forest","PHS137",2.3,0.708651011487242,0.845005488474204,176.5,487.75,0.448965517241379,0.44506952255364,-4,-347.875,0.327462905856647,0.436776537690659,0.260327704053747,"VH","VH",0
"58","PHS137-GB16","Northern Jarrah Forest","PHS137",2.3,0.652952315372697,0.814779814779815,163.333333333333,435.666666666667,0.386570397111913,0.519820696613242,-9.66666666666666,-511.5,0.384571680351707,0.442769993886107,0.314290014156851,"VH","VH",0
"59","PHS137-GE1","Northern Jarrah Forest","PHS137",2.3,0.612632347572107,0.795163584637269,252,705.125,0.311947724066236,0.386970615853847,-33,-439,0.269247588211889,0.334041278843015,0.239813372876473,"VH","VH",0
"60","PHS137-GB17","Northern Jarrah Forest","PHS137",2.3,0.724967939232515,0.830611390284757,202.25,519.75,0.446080052927555,0.410008202360563,2.5,-325.625,0.290494493366585,0.375436410855342,0.237552617890968,"VH","VH",0
"61","PHS137-GB20","Northern Jarrah Forest","PHS137",2.3,0.710392256749873,0.818304901164365,223.666666666667,552.833333333333,0.43467578250187,0.487599319350194,3,-284.333333333333,0.288586025662357,0.440288626778074,0.284913828157783,"VH","VH",0
"62","PHS137-GB11","Northern Jarrah Forest","PHS137",2.4,0.684992570579495,0.819859578736209,224.5,579.75,0.416172338432719,0.501539707051795,-9.25,-381,0.29501693778268,0.435043514649867,0.297474446687158,"VH","VH",0
"63","PHS137-GB12","Northern Jarrah Forest","PHS137",2.4,0.574052622869436,0.781607042517325,194.333333333333,539.666666666667,0.2834975037107,0.422828715375818,17.6666666666667,-404.666666666667,0.272551924407089,0.336259149577499,0.268453707029488,"VH","VH",0
"64","PHS137-GB13","Northern Jarrah Forest","PHS137",2.4,0.589720468890893,0.806044049854875,189.333333333333,584.666666666667,0.285453882610281,0.462085614119108,-7.66666666666666,-253.333333333333,0.308578764423973,0.352852647195044,0.29048825557723,"VH","VH",0
"65","PHS137-ub130","Northern Jarrah Forest","PHS137",0,0.7412109375,0.846711548420508,148,376,0.4939254294093,0.231271039210587,33,-293.5,0.119583044983173,0.290535598900826,0.132745716510339,"U","U",0
"66","PHS137-ub131","Northern Jarrah Forest","PHS137",0,0.570389953734303,0.8,132,426.5,0.244630696699843,0.171915215888735,-21,-325,0.117327766179541,0.135367936775457,0.109403280503474,"U","U",0
"67","PHS137-ub132","Northern Jarrah Forest","PHS137",0,0.731818181818182,0.847272727272727,126,366,0.430985915492958,0.19194890077243,23,-367,0.130037538762853,0.216970113363105,0.110772672393722,"U","U",0
"68","PHS137-ub133","Northern Jarrah Forest","PHS137",0,0.786294251380318,0.86251269895022,203,538.5,0.51766004415011,0.229690477795413,9,-219,0.115710758059175,0.283246079062829,0.12851296176778,"U","U",0
"69","PHS137-ub134","Northern Jarrah Forest","PHS137",0,0.694050991501416,0.833652740513607,217,612.5,0.407058823529412,0.204288501738927,-27,-207,0.1483079129274,0.228950015239256,0.120520564138295,"U","U",0
"70","PHS137-ub135","Northern Jarrah Forest","PHS137",0,0.571481073134877,0.766942148760331,282,759.5,0.266962962962963,0.277952567741965,-18,-285,0.163312731377332,0.265471761054225,0.176760517179289,"U","VH",4
"71","PHS137-ub136","Northern Jarrah Forest","PHS137",0,0.756781193490054,0.846958174904943,161,410,0.493466564181399,0.327359424782571,5,-460,0.184205708958489,0.381786564181399,0.186234456253684,"U","VH",4
"72","PHS137-ub137","Northern Jarrah Forest","PHS137",0,0.74002574002574,0.827027027027027,192,447,0.485714285714286,0.27210443976911,1,-366,0.17836568367334,0.330936358392617,0.156289728240944,"U","U",0
"73","PHS183-JL04","Northern Jarrah Forest","PHS183",0.5,0.647296750707833,0.747175747175747,294.666666666667,643.333333333333,0.344854155200881,-0.0296614241971095,117,122.666666666667,-0.0494675638882908,-0.0328791947928718,-0.017995196668544,"L","U",-1
"74","PHS183-JU03","Northern Jarrah Forest","PHS183",0.5,0.515201999167014,0.70052976004986,320.333333333333,760.666666666667,0.204635761589404,-0.0633864767961639,167.333333333333,198.333333333333,-0.0744366957676598,-0.0438474526481584,-0.041806089710334,"L","U",-1
"75","PHS183-JU04","Northern Jarrah Forest","PHS183",1.6,0.666464418826385,0.704281535324883,417,774,0.359977364363019,0.0623277517233607,212.5,224,-0.0375842672942615,0.0560865103963692,0.0373787596422771,"H","U",-3
"76","PHS183-JM03","Northern Jarrah Forest","PHS183",1.7,0.331931300385559,0.53040676600886,583,1151.5,0.0497237569060773,0.272438736955988,81.5,25.25,0.123494189767211,0.161893844882617,0.204390681558144,"H","H",0
"77","PHS183-JU01","Northern Jarrah Forest","PHS183",1.9,0.434675431388661,0.589681335356601,450.666666666667,900.333333333333,0.127906976744186,0.0239398449075473,264.333333333333,292,-0.0858794674769292,0.0208866959329536,0.0166749701110309,"H","U",-3
"78","PHS183-JH05","Northern Jarrah Forest","PHS183",2,0.64190012180268,0.727540689478406,354.333333333333,730.666666666667,0.339827054964715,0.186816212622028,46.3333333333333,-67,0.0726166249723778,0.177366487141371,0.113711241567773,"H","H",0
"79","PHS183-HLM02","Northern Jarrah Forest","PHS183",2,0.586463369282261,0.713023691607549,357.333333333333,753.166666666667,0.29981718464351,0.560086496524295,-26.3333333333334,-129.833333333333,0.379832565327686,0.495052128389374,0.352818532611261,"H","VH",1
"80","PHS183-JH04","Northern Jarrah Forest","PHS183",2,0.543118714290488,0.703201062103555,335.333333333333,741.666666666667,0.25268525550613,0.164403469803431,82.6666666666667,6.83333333333326,0.0506440806823714,0.141881130469988,0.106470744951092,"H","U",-3
"81","PHS183-JL02","Northern Jarrah Forest","PHS183",2,0.495507060333761,0.646177758937403,417.333333333333,866.666666666667,0.192059756471912,0.0909973234017489,205.333333333333,230.833333333333,-0.0455424982973237,0.0392274513681547,0.0608064778401073,"H","U",-3
"82","PHS183-JL01","Northern Jarrah Forest","PHS183",2.1,0.601986520042568,0.671560764959901,443.666666666667,863.833333333333,0.274985883681536,0.456186565819634,117.666666666667,90.6666666666667,0.23468807610623,0.418087561189239,0.284585403629919,"VH","VH",0
"83","PHS183-JU05","Northern Jarrah Forest","PHS183",2.1,0.390203771674472,0.590501013611353,471.333333333333,1019.16666666667,0.077602276071814,0.171685253155953,114.333333333333,81.3333333333333,0.0471318379841125,0.126391578565489,0.123407696738279,"VH","H",-1
"84","PHS183-HH04","Northern Jarrah Forest","PHS183",2.2,0.604654011022658,0.680389893548801,415.333333333333,768.166666666667,0.321565462981642,0.505518271317523,-101,-324.666666666667,0.353195295635971,0.470049117963919,0.314836364401789,"VH","VH",0
"85","PHS183-JM04","Northern Jarrah Forest","PHS183",2.3,0.655731662366384,0.697015489233094,401,765,0.330962962962963,0.410467965489784,61.3333333333333,-53,0.182930982190841,0.335057967057967,0.247757663364443,"VH","VH",0
"86","PHS183-JL03","Northern Jarrah Forest","PHS183",2.3,0.48109153416416,0.609385944431473,557.666666666667,1083.33333333333,0.176279863481229,0.474334777407403,49.9999999999999,-73,0.303453268217971,0.374588856563473,0.320044185175721,"VH","VH",0
"87","PHS167-GWU3","Northern Jarrah Forest","PHS167",0.5,0.337880854934061,0.601742207703825,365.75,830.875,0.0632453921214312,0.103269937396314,180.5,171.625,0.0193082665054622,0.051346296452702,0.0771315363990324,"L","H",2
"88","PHS167-GWU2","Northern Jarrah Forest","PHS167",1,0.433774834437086,0.630680391664574,490.333333333333,1091.66666666667,0.122343182996371,0.0336180126911373,220.666666666667,281,-0.0675285162447615,-0.0335528144143528,0.0234308630763843,"M","H",1
"89","PHS167-GWL3","Northern Jarrah Forest","PHS167",1.2,0.405507355714825,0.641650756351887,406.666666666667,930.833333333333,0.122965641952984,0.26307412129346,84.6666666666667,124.666666666667,0.173691228527267,0.155628958535898,0.187040700657949,"M","VH",2
"90","PHS167-GHU1","Northern Jarrah Forest","PHS167",1.3,0.141988710377768,0.527293844367015,407,973.5,-0.0788091068301226,0.0563650317308337,162.666666666667,143.833333333333,0.0982585939031931,0.0288832008621851,0.0493137256904353,"M","H",1
"91","PHS167-GWM3","Northern Jarrah Forest","PHS167",1.5,0.195051546391753,0.548628428927681,422.333333333333,1051.16666666667,-0.0738255033557047,0.361585410933585,107.333333333333,82.0000000000001,0.21580477959027,0.244207283529541,0.302315909397397,"H","VH",1
"92","PHS167-GWL2","Northern Jarrah Forest","PHS167",1.7,0.293326774881128,0.562392710946785,552.333333333333,1183.41666666667,0.0415951406311898,0.171097049299447,166,145.666666666667,0.00981924398568379,0.0774092658487645,0.132189994536087,"H","VH",1
"93","PHS167-GHLM1","Northern Jarrah Forest","PHS167",1.8,0.409020217729393,0.653284671532847,380,881.5,0.134272300469484,0.27522991562226,25.5,46,0.170959226017217,0.180202657230859,0.195195722842522,"H","VH",1
"94","PHS167-GWH3","Northern Jarrah Forest","PHS167",2.3,0.414998036906164,0.642412274039192,392.333333333333,894.166666666667,0.126954346466542,0.753668416300525,160.666666666667,20.5,0.356020940254493,0.504874467039262,0.532252444323459,"VH","VH",0
"95","PHS167-GHH1","Northern Jarrah Forest","PHS167",2.3,0.386179627188853,0.610236220472441,445.5,974.25,0.100942126514132,0.502571332955465,67.75,147.125,0.292403263361831,0.331873492605556,0.362297227485913,"VH","VH",0
"96","PHS167-ub148","Northern Jarrah Forest","PHS167",0,0.429485129517109,0.609650702196615,542,1155,0.116662503122658,-0.00407298234326381,281,211,-0.00374215494624208,0.00875324499880761,-0.00284727345934643,"U","H",3
"97","PHS167-ub149","Northern Jarrah Forest","PHS167",0,0.278663629460896,0.629414610546686,383,1053.5,-0.0117370892018779,-0.0473683840184638,129,118.5,0.0117373238046511,-0.0364766725352113,-0.0370162775028774,"U","L",1
"98","PHS156-WB1","Northern Jarrah Forest","PHS156",0,0.597735399284863,0.813937753721245,91.6666666666667,299.833333333333,0.275148632580262,0.190534729455111,3.66666666666667,-509.666666666667,0.185750897030825,0.136954188135817,0.119178401591871,"U","U",0
"99","PHS156-WB2","Northern Jarrah Forest","PHS156",0,0.560758743331357,0.829742876997915,81.6666666666667,315.333333333333,0.230373831775701,0.173912200329671,-10.6666666666667,-401.833333333333,0.203160598516903,0.124848895628369,0.111356636274501,"U","U",0
"100","PHS156-WB4","Northern Jarrah Forest","PHS156",0,0.587544910179641,0.807965084560829,117.333333333333,393.666666666667,0.244928625093914,0.215472056753795,30.6666666666667,-414.833333333333,0.188267862800723,0.13991669191969,0.135641148936374,"U","U",0
"101","PHS156-WB5","Northern Jarrah Forest","PHS156",0,0.53545477323979,0.820558526440879,100.666666666667,377.833333333333,0.218532511433685,0.291331251961559,1.66666666666667,-487.166666666667,0.248713299919394,0.22321116201236,0.189612644013761,"U","VH",4
"102","PHS156-WE1OP","Northern Jarrah Forest","PHS156",1.8,0.474314101840352,0.741531074953321,242.25,720.625,0.153024282560706,0.460201012641939,9,-531.75,0.336230493182151,0.319115575234278,0.31193426001139,"H","VH",1
"103","PHS156-WB4OP","Northern Jarrah Forest","PHS156",2,0.458396788038211,0.675787464206172,339.666666666667,834.833333333333,0.137949659716971,0.203865661166659,8,-169,0.0913629294025886,0.0933302371447925,0.139691729375878,"H","VH",1
"104","PHS156-WE2OP","Northern Jarrah Forest","PHS156",2.1,0.543870192307692,0.751789976133652,242.666666666667,656.333333333333,0.230953521801629,0.450729398083866,2.66666666666666,-609.166666666667,0.331761041878709,0.347553521801629,0.291758751206518,"VH","VH",0
"105","PHS156-WE3OP","Northern Jarrah Forest","PHS156",2.1,0.625252847865432,0.773878689286544,243.25,615.125,0.318193592953976,0.522107273615249,18.5,-619.75,0.335247641644048,0.436031594010819,0.321049260144602,"VH","VH",0
"106","PHS156-WE5OP","Northern Jarrah Forest","PHS156",2.1,0.503309504898067,0.714889761401389,236,623.5,0.168072413083728,0.289785657041356,13.5,-467,0.210774021815458,0.20404363610531,0.192636991322468,"VH","VH",0
"107","PHS156-WB7OP","Northern Jarrah Forest","PHS156",2.2,0.557757894314489,0.712722781012882,271.333333333333,616.541666666667,0.254288760378639,0.326687899551005,28.6666666666667,-371.5,0.125734595222301,0.256298099560753,0.209582194093506,"VH","VH",0
"108","PHS156-WE4OP","Northern Jarrah Forest","PHS156",2.2,0.587910643889619,0.774449339207049,192,532,0.267995802728227,0.372057574774104,12.25,-540.75,0.236608527371861,0.285109188678059,0.234158903903693,"VH","VH",0
"109","PHS156-WB8","Northern Jarrah Forest","PHS156",2.4,0.634278180619644,0.815199882852541,157.75,475.25,0.323086775536343,0.467073819734117,-6.25,-521.375,0.36040232322969,0.376753231746319,0.285623464722762,"VH","VH",0
"110","PHS156-WB5OP","Northern Jarrah Forest","PHS156",2.4,0.607745442192277,0.76088304601265,241,607.5,0.29131423374261,0.262148895074818,8.5,-244.375,0.124542131241343,0.175126355471363,0.162952377796689,"VH","H",-1
"111","PHS156-WB8OP","Northern Jarrah Forest","PHS156",2.4,0.561151697464547,0.733206106870229,233,559.25,0.261827023271969,0.296265191170651,27.6666666666667,-442.458333333333,0.201067359541608,0.237988728204409,0.189651998363222,"VH","VH",0
"112","PHS156-WB6","Northern Jarrah Forest","PHS156",2.4,0.665333180934964,0.809263628461443,192,549,0.335594463287194,0.417371973088369,2,-377.375,0.283255207980661,0.335064334289138,0.250473301416339,"VH","VH",0
"113","PHS156-WB7","Northern Jarrah Forest","PHS156",2.5,0.654507337526205,0.834495583449558,133.5,411.25,0.364610951008646,0.513716594999687,-4.25,-546.25,0.384296380262307,0.46669823753616,0.310307652134798,"VH","VH",0
"114","PHS156-ub121","Northern Jarrah Forest","PHS156",0,0.80150462962963,0.852424873549539,248,576,0.54991287030122,0.103351963195332,24,-176.5,0.185207970281133,0.124100754410087,0.0573379737818306,"U","U",0
"115","PHS156-ub122","Northern Jarrah Forest","PHS156",0,0.49392498679345,0.730722154222766,220,608,0.17344398340249,0.105138222087567,-8,-263,0.165729922218623,0.0825348924933987,0.0703300988453502,"U","U",0
"116","PHS156-ub123","Northern Jarrah Forest","PHS156",0,0.399615754082613,0.608167770419426,355,756.5,0.11434034416826,0.239996706463565,28,-490.5,0.20410872982902,0.170171609676945,0.171350854625193,"U","VH",4
"117","PHS156-ub124","Northern Jarrah Forest","PHS156",0,0.751072961373391,0.875143623132899,163,502.5,0.488145896656535,0.14414080798106,-5,-237,0.138321768573453,0.172356422972324,0.0822687246243861,"U","U",0
"118","PHS156-ub125","Northern Jarrah Forest","PHS156",0,0.705204608661104,0.800335570469799,238,551,0.425913621262458,0.199998444562812,35,-220.5,0.1008985847617,0.211939822135821,0.1172183239616,"U","U",0
"119","PHS156-ub126","Northern Jarrah Forest","PHS156",0,0.718493150684931,0.842820418655894,214,603.5,0.432895488292404,0.125579468061486,10,-165.5,0.113395390471001,0.126558548570611,0.0730328399455757,"U","U",0
"120","PHS156-ub127","Northern Jarrah Forest","PHS156",0,0.482233502538071,0.786713286713287,122,435.5,0.154150197628458,0.102356705823492,-26,-508,0.212942794910008,0.0625322639052616,0.0690091652112374,"U","U",0
"121","PHS156-ub128","Northern Jarrah Forest","PHS156",0,0.708838821490468,0.833395314243213,224,617,0.418705035971223,0.174501693323006,22,-212,0.109115478852267,0.200629234221952,0.102057393439513,"U","U",0
"122","PHS156-ub129","Northern Jarrah Forest","PHS156",0,0.682200152788388,0.795352629433347,251,596.5,0.400763358778626,0.180274607217143,22,-175.5,0.145309637171954,0.180742503721275,0.10710229969888,"U","M",2
"123","WTN028-YHL8","Northern Jarrah Forest","WTN028",0.98,0.0263593619292122,0.297887241741566,925.384615384615,1662.31730769231,-0.16755648931043,0.138653178456392,-79.6923076923077,-232.807692307692,0.0886456283751652,0.0484604461589728,0.134960738758465,"M","H",1
"124","WTN028-YNJL6","Northern Jarrah Forest","WTN028",1.01,0.445237167855752,0.621578408800205,455.153846153846,958.74358974359,0.14300955701148,0.153768264225719,-68.3846153846154,-122.98717948718,0.133808408047589,0.065748636114196,0.106322992966431,"M","H",1
"125","WTN028-YEJL3","Northern Jarrah Forest","WTN028",1.28,0.437718702668825,0.640573318632856,430.785714285714,941.892857142857,0.150114894505954,0.340483362000508,-96.2142857142857,-252.964285714286,0.218510892211398,0.193500096021332,0.236657354470273,"M","VH",2
"126","WTN028-YNJL8","Northern Jarrah Forest","WTN028",1.52,0.425610706860707,0.614108646879253,437.166666666667,946.583333333333,0.113433971838133,0.755370826800737,-62.6666666666666,-79.4999999999999,0.462666735316495,0.412512482711704,0.529486301461279,"H","VH",1
"127","WTN028-YNJL5","Northern Jarrah Forest","WTN028",1.61,0.394107936885624,0.594611145131659,458.307692307692,951.278846153846,0.110414877550416,0.367158042285332,-203.461538461538,-268.913461538461,0.327592315788556,0.226840113584364,0.263175366276647,"H","VH",1
"128","WTN028-YNJL7","Northern Jarrah Forest","WTN028",1.64,0.361581722935683,0.589117565868172,515.230769230769,1154.78205128205,0.0523785664955922,0.162082466794314,-69.3076923076923,-19.4743589743589,0.151355242409944,0.0366308979187206,0.118952473870783,"H","H",0
"129","WTN028-YEJL4","Northern Jarrah Forest","WTN028",1.79,0.355939996551526,0.603249871636111,505.230769230769,1122.24038461538,0.0799725337605859,0.226859083190325,-91.8461538461539,-209.384615384615,0.206533753806276,0.11526788908119,0.167184314536277,"H","U",-3
"130","WTN028-YNJL3","Northern Jarrah Forest","WTN028",1.82,0.369089942715408,0.588994900477052,454.272727272727,977.30303030303,0.0785908363419809,0.396878524763033,-114.909090909091,-228.681818181818,0.318595213190821,0.212349452163003,0.289673336318674,"H","VH",1
"131","WTN028-YNJL2","Northern Jarrah Forest","WTN028",1.83,0.47850659928854,0.656621344756938,419,955.625,0.1506115663991,0.374413675133071,-218,-270.204545454545,0.35336401576671,0.207487291105914,0.253066579975458,"H","VH",1
"132","WTN028-YHM6a","Northern Jarrah Forest","WTN028",1.86,0.040060705968548,0.464014732965009,559.692307692308,1371.67948717949,-0.176406395690161,0.467747008420569,-22.1538461538461,-56.217948717949,0.282650043850454,0.201416286805419,0.449298495024266,"H","H",0
"133","WTN028-YEJL1","Northern Jarrah Forest","WTN028",2.05,0.477627137819848,0.64905303030303,427.615384615385,958.141025641026,0.148840721003365,0.358541708145037,-129,-304.769230769231,0.277158988058847,0.191814415246598,0.242482840314757,"VH","VH",0
"134","WTN028-YNJL12","Northern Jarrah Forest","WTN028",2.05,0.359553553143559,0.549704121292762,584.545454545455,1189.77272727273,0.0569327028705163,0.447796791172652,-56,-5.92424242424249,0.322026496690429,0.221824140805789,0.329128383177581,"VH","VH",0
"135","WTN028-YNJM3","Northern Jarrah Forest","WTN028",2.06,0.433263660794267,0.60418275800606,512.461538461538,1050.60576923077,0.133174199302259,0.424710636133728,-121.307692307692,-198.701923076923,0.366600524794881,0.244932460071534,0.296117546406029,"VH","VH",0
"136","WTN028-YEJL6","Northern Jarrah Forest","WTN028",2.07,0.329827817300753,0.595694667821353,490.2,1163.93333333333,0.0257221372966573,0.444795453756978,-86.4,-68.7166666666667,0.349613734536629,0.222887258070779,0.334224644221168,"VH","VH",0
"137","WTN028-YHH6","Northern Jarrah Forest","WTN028",2.14,0.163814926647757,0.505721726777681,521.916666666667,1215.45833333333,-0.0911948936575606,0.405157463010585,-218.833333333333,-227.25,0.325537394980446,0.154691404400616,0.347829903053008,"VH","H",-1
"138","WTN028-YNJL4","Northern Jarrah Forest","WTN028",2.16,0.399979530218515,0.599169930437833,489.785714285714,1011.14285714286,0.120912890272884,0.340910262824873,-167.142857142857,-252.267857142857,0.294963545205573,0.184901230126694,0.243337076289545,"VH","VH",0
"139","WTN028-YNJM12","Northern Jarrah Forest","WTN028",2.2,0.393893351315823,0.593349335518998,534.307692307692,1148.48717948718,0.0858024362998031,0.579803370353672,-38.1538461538462,-140.948717948718,0.379111463545024,0.318730841092026,0.41566143376247,"VH","VH",0
"140","WTN028-YNJM8","Northern Jarrah Forest","WTN028",2.2,0.399707887049659,0.613978456896249,458.416666666667,1022.20833333333,0.0944042634183479,0.505381937327945,-140.75,-107.833333333333,0.3902605081783,0.267730487299442,0.360804663128186,"VH","VH",0
"141","WTN028-YNJH6","Northern Jarrah Forest","WTN028",2.21,0.483524712930604,0.665978593272171,397.181818181818,886.090909090909,0.18057210965435,0.618754424373118,-196,-274.954545454545,0.430522503284474,0.365813620458781,0.416803047455932,"VH","VH",0
"142","WTN028-YHM9","Northern Jarrah Forest","WTN028",2.26,0.172723163055952,0.555535055350553,370.615384615385,933.807692307692,-0.0715524598739091,0.60038096045483,-291,-350.480769230769,0.429185976489051,0.250282070465965,0.511518371071126,"VH","VH",0
"143","WTN028-YNJM4","Northern Jarrah Forest","WTN028",2.33,0.424776205602079,0.62323989998684,477.166666666667,994.916666666667,0.152211480080333,0.438426278671946,-133.5,-323.041666666667,0.331683872371333,0.264359752128246,0.307500066945504,"VH","VH",0
"144","WTN028-YNJM6","Northern Jarrah Forest","WTN028",2.34,0.299534437902232,0.570023884115512,533.153846153846,1241.24358974359,-0.000658119883117903,0.430258680729964,-41.8461538461538,-36.9615384615383,0.32115967412056,0.213118472967418,0.330832208814073,"VH","VH",0
"145","WTN028-YHH4","Northern Jarrah Forest","WTN028",2.34,0.0222942845561411,0.494581781239417,426.428571428571,1156.88095238095,-0.198941238750662,0.613122611825792,-57.7142857142857,-155.238095238095,0.356824211344864,0.276615699966629,0.599165480623921,"VH","VH",0
"146","WTN028-YHM7","Northern Jarrah Forest","WTN028",2.36,0.0356736574978853,0.457673043763856,550.416666666667,1339.95833333333,-0.180132542083266,0.440965695054281,-206.333333333333,-300.125,0.31302561635233,0.160839811509686,0.425365969188988,"VH","H",-1
"147","WTN028-YNJM1","Northern Jarrah Forest","WTN028",2.36,0.379800021274332,0.592914376937955,510,1154,0.0520915708579191,0.538107063360171,-32.6923076923077,79.7948717948718,0.376527597603267,0.273190038237449,0.389706731655142,"VH","VH",0
"148","WTN028-YNJL1","Northern Jarrah Forest","WTN028",2.37,0.376183998597979,0.5595086106619,597.153846153846,1218.91025641026,0.0691528676461054,0.454693630620127,3,8,0.327980617237843,0.235227126972829,0.330161860058656,"VH","VH",0
"149","WTN028-YHM7a","Northern Jarrah Forest","WTN028",2.37,-0.049408911791452,0.386902534444633,693.153846153846,1616.20192307692,-0.236472092032382,0.3481333384477,-93.8461538461538,-58.8269230769231,0.215122400064321,0.11142010182046,0.36584342031102,"VH","H",-1
"150","WTN028-YNJM2","Northern Jarrah Forest","WTN028",2.38,0.42272030555067,0.611727867919157,487.142857142857,1055.07142857143,0.109499921617808,0.554916342600734,-112,-126.642857142857,0.385895890075925,0.310999503568883,0.389764998389977,"VH","VH",0
"151","WTN028-YHL4","Northern Jarrah Forest","WTN028",2.39,0.0124053946395037,0.462354101594608,503.153846153846,1298.41025641026,-0.209441144668434,0.560471892651791,-1,-47.7307692307693,0.323215179568797,0.247969024823091,0.553057932804045,"VH","VH",0
"152","WTN028-YEJM1","Northern Jarrah Forest","WTN028",2.39,0.459925143825323,0.650048685491724,414.692307692308,952.679487179487,0.134835891750314,0.497069526404836,-180.538461538462,-250.294871794872,0.400437891511443,0.270669609995118,0.340242981309293,"VH","VH",0
"153","WTN028-YHL6a","Northern Jarrah Forest","WTN028",2.4,-0.0282451399180543,0.38021978021978,715.071428571429,1594.91071428571,-0.216936978073603,0.335204892172379,-68,82.5892857142858,0.237340299355076,0.0958201268369538,0.34459338722208,"VH","H",-1
"154","WTN028-YNJH12","Northern Jarrah Forest","WTN028",2.4,0.379337420348504,0.580688700467209,504.833333333333,1105.25,0.0547049994226994,0.677521543544745,19.6666666666666,28.5833333333333,0.377131928921381,0.360192244788822,0.49083762676932,"VH","VH",0
"155","WTN028-YNJM7","Northern Jarrah Forest","WTN028",2.41,0.28731557530519,0.533150978176845,603.923076923077,1319.29487179487,-0.0127823051544023,0.471848218007724,-63.7692307692308,72.6282051282053,0.337413303247731,0.199182047265684,0.366252048063572,"VH","H",-1
"156","WTN028-YEJM10","Northern Jarrah Forest","WTN028",2.43,0.11051875145872,0.486761174884057,600.153846153846,1390.07692307692,-0.112659743624978,0.478814777041178,-133.153846153846,-258.480769230769,0.311462881251932,0.22752086213198,0.430775258098702,"VH","VH",0
"157","WTN028-YEJM4","Northern Jarrah Forest","WTN028",2.44,0.424678994041458,0.632464660063468,441,993.5,0.117773583249199,0.599632476769393,-139,-183.288461538461,0.400106825082553,0.328711654463647,0.420594312797987,"VH","VH",0
"158","WTN028-YEJM3","Northern Jarrah Forest","WTN028",2.45,0.373621680385153,0.598184035777206,456.153846153846,1047.74358974359,0.0506637365248122,0.563731345939271,-111.076923076923,-17.1538461538462,0.385863148840693,0.25267619165872,0.410099268753945,"VH","VH",0
"159","WTN028-YNJM5","Northern Jarrah Forest","WTN028",2.46,0.423010325727288,0.609532012632788,432.727272727273,911.988636363636,0.123615773913915,0.459579288074515,-218.363636363636,-256,0.370907918849046,0.268265151313035,0.32273592387035,"VH","VH",0
"160","WTN028-YHH7","Northern Jarrah Forest","WTN028",2.47,0.398624126537024,0.625330479667632,425.142857142857,990.821428571429,0.0846233013379261,0.813383804447315,-150,-156.071428571429,0.50336279625203,0.410455253397087,0.581144458019457,"VH","VH",0
"161","WTN028-YHM9b","Northern Jarrah Forest","WTN028",2.48,0.113006396588486,0.529689990231865,381.166666666667,992.083333333333,-0.127781197783836,0.519067002649092,-378.333333333333,-457.958333333333,0.411523703215919,0.175651498232473,0.465946159949058,"VH","VH",0
"162","WTN028-YNJH4","Northern Jarrah Forest","WTN028",2.5,0.453613158115946,0.654325711916834,416.923076923077,898.961538461538,0.18194659619065,0.715816971891799,-268.615384615385,-424,0.48148162070388,0.438001599055382,0.492101262729498,"VH","VH",0
"163","WTN028-YEJH3","Northern Jarrah Forest","WTN028",2.5,0.346954342377683,0.567809239940387,524.230769230769,1153.94871794872,0.0320255480800673,0.670724969531219,26.0000000000001,105.794871794872,0.38034819045765,0.32911612627539,0.497587305774848,"VH","VH",0
"164","WTN028-YEJH1","Northern Jarrah Forest","WTN028",2.5,0.493875335075159,0.667967418071605,398.363636363636,934.348484848485,0.152915502793296,0.840839209018279,-60.0909090909091,-55.8181818181819,0.484672148903578,0.464182084916663,0.562481157651855,"VH","VH",0
"165","WTN028-YNJH2","Northern Jarrah Forest","WTN028",2.5,0.393635089805104,0.6156686110906,400.384615384615,948.025641025641,0.0589801087324762,0.755194466901753,-68.8461538461539,-86.102564102564,0.452194705993464,0.384339467361204,0.541499688644209,"VH","VH",0
"166","WTN028-YNJH8","Northern Jarrah Forest","WTN028",2.52,0.377723348603741,0.585482131050562,458.153846153846,971.326923076923,0.0827600137834338,0.727867783607989,-32.1538461538462,-92.7307692307693,0.416552544691231,0.39444124608926,0.527928814975908,"VH","VH",0
"167","WTN028-YNJH5","Northern Jarrah Forest","WTN028",2.53,0.553289493319538,0.696681228401904,357.846153846154,781.25641025641,0.248576546606103,0.745574969219673,-272.384615384615,-403.974358974359,0.512076323769751,0.462519211358294,0.479688611693133,"VH","VH",0
"168","WTN028-YEJM6","Northern Jarrah Forest","WTN028",2.54,0.271495281324495,0.513409514925373,596.142857142857,1280.7380952381,-0.02911144634642,0.579223489023318,-1.35714285714289,35.3333333333333,0.323932260916362,0.254167395316354,0.45518714098525,"VH","VH",0
"169","WTN028-YEJL10","Northern Jarrah Forest","WTN028",2.55,0.0250890886269531,0.38884653726617,801.692307692308,1640.17948717949,-0.152730741712378,0.302957421507511,16.6153846153846,-100.5,0.192327538053897,0.139441987846626,0.295254500671973,"VH","H",-1
"170","WTN028-YHM3b","Northern Jarrah Forest","WTN028",2.57,0.0635504382196253,0.476617675128841,457,1168.25,-0.186240993004786,0.4916287754298,-184.166666666667,-213.666666666667,0.346096159027388,0.164359671560264,0.461818207742237,"VH","H",-1
"171","WTN028-YHM3","Northern Jarrah Forest","WTN028",2.57,0.0129520014065522,0.469040839743317,446.214285714286,1165.44047619048,-0.208414753297509,0.515398525633853,-208.5,-323.857142857143,0.334035824698182,0.19945304218047,0.50830663080589,"VH","VH",0
"172","WTN028-YHM6","Northern Jarrah Forest","WTN028",2.57,0.0759111311859526,0.480825271010607,513.923076923077,1259.12820512821,-0.155175598690676,0.495022371383455,-163.153846153846,-279.269230769231,0.330439170624507,0.195271316504441,0.459668729432028,"VH","H",-1
"173","WTN028-YNJH1","Northern Jarrah Forest","WTN028",2.58,0.40274738790994,0.597004805282863,488.214285714286,1063.35714285714,0.0828985507246377,0.66230634769745,-56.1428571428572,-51.1785714285713,0.407778787841003,0.348208551516466,0.471813057963062,"VH","VH",0
"174","WTN028-YEJM4b","Northern Jarrah Forest","WTN028",2.58,0.468005791922117,0.642423824624293,432.25,982.875,0.128424941388211,0.863419841871,-61.4166666666667,-24.625,0.469865474295719,0.412109266972996,0.587757956176102,"VH","VH",0
"175","WTN028-YHM8","Northern Jarrah Forest","WTN028",2.59,0.0728783888214235,0.496831543742299,408.357142857143,1019.17857142857,-0.145956260828081,0.445513396965766,-361.5,-457.482142857143,0.352159121572399,0.160080860480289,0.414863919046472,"VH","H",-1
"176","WTN028-YEJH6","Northern Jarrah Forest","WTN028",2.6,0.310931043937861,0.577014945744899,476.769230769231,1076.38461538462,0.0294012829650748,0.68500076583367,-84.7692307692308,-177.51282051282,0.407466967949498,0.36495221851601,0.522131684434868,"VH","VH",0
"177","WTN028-YHH8","Northern Jarrah Forest","WTN028",2.63,0.150921021424619,0.548888179593574,353.333333333333,931.5,-0.108893921772663,0.623462719209035,-261.916666666667,-402.833333333333,0.419440966706797,0.279549188543102,0.54123738313064,"VH","VH",0
"178","WTN028-YEJH10","Northern Jarrah Forest","WTN028",2.66,0.227317987465589,0.512760350864527,562.416666666667,1239.20833333333,-0.0463750967095981,0.60153461184271,-50.9166666666667,-93.4583333333335,0.356703833957082,0.275158826594237,0.489722220126294,"VH","VH",0
"179","WTN028-YHL3","Northern Jarrah Forest","WTN028",2.68,-0.0791521094506914,0.376926116159621,675.857142857143,1587.92857142857,-0.252012162403863,0.34668797087231,-132.285714285714,-507.821428571428,0.214325545175972,0.11904333269951,0.376079366700862,"VH","H",-1
"180","WTN028-YNJH7","Northern Jarrah Forest","WTN028",2.69,0.248193268635144,0.549735088019142,479,1129.66666666667,-0.0384071547244512,0.641441871202049,-84.6363636363636,-113.712121212121,0.373625289617855,0.284154889483814,0.513484892456138,"VH","VH",0
"181","WTN028-YNJH3","Northern Jarrah Forest","WTN028",2.7,0.436542380557023,0.65295554469956,409.846153846154,914.75641025641,0.157903542259198,0.767555743585976,-131.384615384615,-329.75641025641,0.463910645868745,0.473580603344204,0.533936080053905,"VH","VH",0
"182","WTN028-YHM4","Northern Jarrah Forest","WTN028",2.75,-0.0822225417860422,0.418401887373064,515.454545454545,1340.06060606061,-0.265236720452009,0.455793410892276,-93.9090909090909,-328.636363636364,0.269590616460237,0.173539074694733,0.496086845424253,"VH","VH",0
"183","WTN028-YHH6a","Northern Jarrah Forest","WTN028",2.76,0.185011583427617,0.529927311932668,482.714285714286,1141.10714285714,-0.0677714673222005,0.647767730968601,-24.7142857142857,-43.3928571428571,0.398560019707467,0.298604168389355,0.546173190903017,"VH","VH",0
"184","WTN028-YHH3","Northern Jarrah Forest","WTN028",2.78,0.0826202911434604,0.512223515715949,380.909090909091,995.787878787879,-0.153948025444519,0.611858544492752,-257.909090909091,-475.863636363636,0.378075204013649,0.270053335048282,0.564642937654024,"VH","VH",0
"185","WTN028-ub79","Northern Jarrah Forest","WTN028",0,0.436597110754414,0.588287488908607,464,921.5,0.12969390975071,0.0133865478635177,-20,-159.5,0.0292323707983707,7.44944170089357e-05,0.00931175206417378,"U","U",0
"186","WTN028-ub80","Northern Jarrah Forest","WTN028",0,-0.109814687714482,0.387907972177635,572,1442.5,-0.281440443213296,0.0402015830307183,-16,-180,0.0363492191800332,0.0231388965098133,0.0451102396735176,"U","U",0
"187","WTN028-ub81","Northern Jarrah Forest","WTN028",0,0.269169072826436,0.475568817605371,703,1315,0.0130601792573624,-0.0336499632451012,-39,-124.5,0.0145711610938211,-0.0289646535984161,-0.0264925071512108,"U","U",0
"188","WTN028-ub82","Northern Jarrah Forest","WTN028",0,0.412812607057211,0.595357833655706,523,1075.5,0.117615176151762,0.0123856476183581,-74,-236.5,0.0714170827084102,0.0129724049225097,0.00876045917014297,"U","U",0
"189","WTN028-ub83","Northern Jarrah Forest","WTN028",0,0.438570907765221,0.58537565287264,516,1056.5,0.105322128851541,0.190170675071794,-80,-494.5,0.112486153902152,0.127645591266119,0.132102332747898,"U","U",0
"190","WTN028-ub84","Northern Jarrah Forest","WTN028",0,0.354285714285714,0.60338266384778,469,1131.5,0.0276422764227642,0.0138734719371821,-69,-149.5,0.0550715876498226,-0.0123383390364071,0.0102365662022003,"U","U",0
"191","WTN028-ub85","Northern Jarrah Forest","WTN028",0,0.380749903362969,0.607560756075608,436,1029.5,0.0478146083895571,0.0133177530498163,-49,-142,0.038787521874864,-0.00270664261284872,0.009638323851084,"U","U",0
"192","WTN028-ub86","Northern Jarrah Forest","WTN028",0,0.481865284974093,0.664864864864865,403,954,0.141716566866267,0.0382783683993046,-58,-141,0.0517524729340291,0.00448437230923215,0.0258137868538566,"U","U",0
"193","WTN028-ub87","Northern Jarrah Forest","WTN028",0,0.362057448229793,0.537707390648567,613,1230,0.049408131755018,-0.000841102494844759,-29,-185,0.0327384465491882,-0.00500363295086434,-0.0006170704660593,"U","U",0
"194","WTN028-ub88","Northern Jarrah Forest","WTN028",0,0.342733188720174,0.591259640102828,477,1127.5,0.0217331499312242,0.00342284389258735,-24,-164.5,0.0383852611106347,-0.0162144716615069,0.00254726453236405,"U","U",0
"195","WTN085-WJU10","Northern Jarrah Forest","WTN085",0.06,0.600725354434553,0.766610872571137,229.071428571429,535.410714285714,0.346385834523496,0.147937969258459,83.3571428571429,-220.125,0.13556713462081,0.179216214875463,0.0923616329409261,"L","U",-1
"196","WTN085-WJL10","Northern Jarrah Forest","WTN085",0.36,0.604060913705584,0.779637153545999,210.692307692308,539.596153846154,0.324134628335404,0.231186616488953,51.2307692307692,-240.5,0.179409871594622,0.202303762247263,0.144036039077928,"L","U",-1
"197","WTN085-WJL4","Northern Jarrah Forest","WTN085",0.88,0.649877107349327,0.788904736881616,216.307692307692,525.320512820513,0.37442443933903,0.215992809828666,81.7692307692308,-239.025641025641,0.146834382742092,0.198817437645072,0.130835183834772,"M","U",-2
"198","WTN085-WJL3","Northern Jarrah Forest","WTN085",1.02,0.657391214004952,0.784215039331917,222.615384615385,515.557692307692,0.389625284919932,0.16731051900073,70.0769230769231,-194.980769230769,0.141318082697083,0.166915088613249,0.100887243967412,"M","U",-2
"199","WTN085-WJL2","Northern Jarrah Forest","WTN085",1.05,0.686140778476312,0.800965341556613,228.384615384615,541.525641025641,0.414853371018284,0.217622532294669,77.9230769230769,-199.461538461539,0.157655140825325,0.209525095810283,0.128988958758503,"M","U",-2
"200","WTN085-WJU1","Northern Jarrah Forest","WTN085",1.14,0.680825282462748,0.802486478893025,255.636363636364,635.651515151515,0.393373935549261,0.217495922113125,44.0909090909091,-150.439393939394,0.113943492467686,0.228521899090872,0.129321353639445,"M","U",-2
"201","WTN085-WJL1","Northern Jarrah Forest","WTN085",1.37,0.644890979959005,0.785378337252732,238.692307692308,558.846153846154,0.386305048335123,0.216493069112412,62.8461538461538,-186.75641025641,0.170318414135222,0.223748430318012,0.131535485489934,"M","U",-2
"202","WTN085-WJL21","Northern Jarrah Forest","WTN085",1.48,0.647933538117844,0.772147147147147,252.916666666667,570.958333333333,0.377469144807866,0.248086582610064,41.0833333333333,-249.5,0.136988766614317,0.257317773000865,0.150452748321949,"H","VH",1
"203","WTN085-WJL17","Northern Jarrah Forest","WTN085",1.59,0.637667404829695,0.771684983077918,250.166666666667,568.333333333333,0.372999734771461,0.153211266908211,61.9166666666667,-188.041666666667,0.117682060675395,0.147949307338938,0.0934974763375695,"H","U",-3
"204","WTN085-WJL23","Northern Jarrah Forest","WTN085",1.76,0.672120884436982,0.793048732110708,242.214285714286,585.357142857143,0.386535784232757,0.342114646133801,-35.1428571428571,-315.5,0.233188044256985,0.314314572662809,0.204476944443213,"H","VH",1
"205","WTN085-WJL5","Northern Jarrah Forest","WTN085",1.83,0.631763456800016,0.75866312585012,266.142857142857,601.238095238095,0.348810253183421,0.239782408040055,79.7142857142858,-189.321428571428,0.146513768148161,0.227039035471244,0.146856794866045,"H","VH",1
"206","WTN085-WJL6","Northern Jarrah Forest","WTN085",1.83,0.601728494314919,0.748472026328162,243.181818181818,551.757575757576,0.32543717924349,0.246919474526608,74.2727272727273,-266.590909090909,0.150622450615307,0.213787733341675,0.154061948360226,"H","VH",1
"207","WTN085-WJH19","Northern Jarrah Forest","WTN085",1.84,0.643396226415094,0.789025821596244,239.666666666667,592.333333333333,0.365203761755486,0.142456489541419,56.1666666666667,-151.791666666667,0.139007353996622,0.147634747579601,0.0866314865316766,"H","U",-3
"208","WTN085-WJL9","Northern Jarrah Forest","WTN085",1.92,0.635151124018501,0.779399141630901,235.583333333333,551.125,0.373550582778665,0.436194148790339,-43.0833333333333,-390.208333333333,0.236187193317426,0.42882076975216,0.266597713614019,"H","VH",1
"209","WTN085-WJM15","Northern Jarrah Forest","WTN085",1.94,0.648560700876095,0.768528464017186,265.230769230769,592.448717948718,0.375677769171185,0.636417734632014,-157.461538461538,-501.75641025641,0.406974138607439,0.587676461087825,0.385810436859951,"H","VH",1
"210","WTN085-WJM8","Northern Jarrah Forest","WTN085",2.03,0.562317237018889,0.741980965808953,244,573.75,0.291604050963737,0.498370628413786,-48.1666666666667,-335.625,0.313639083354222,0.449573708202921,0.318790464668666,"VH","VH",0
"211","WTN085-WJM16","Northern Jarrah Forest","WTN085",2.05,0.650048040994982,0.778830028608069,240.214285714286,540.982142857143,0.393059936908517,0.552398029587271,-106,-490.642857142857,0.362932256149281,0.545754547686961,0.334574170994065,"VH","VH",0
"212","WTN085-WJM27","Northern Jarrah Forest","WTN085",2.06,0.558587964232816,0.761707668697391,232.909090909091,614.787878787879,0.266772931459209,0.31020030517756,58.6363636363636,-191.257575757576,0.177366171697293,0.253237295603749,0.198898883738278,"VH","VH",0
"213","WTN085-WJH12","Northern Jarrah Forest","WTN085",2.07,0.569287820298489,0.74939007861209,284.461538461538,698.480769230769,0.281839285935968,0.597377613045479,-139.846153846154,-434.826923076923,0.354886661424363,0.50355653962855,0.380425553407098,"VH","VH",0
"214","WTN085-WJH28","Northern Jarrah Forest","WTN085",2.14,0.612784011116531,0.773349370956731,249,605.875,0.3385353405229,0.629630994513455,-108,-575,0.426332461459762,0.573002756009361,0.390158156343259,"VH","VH",0
"215","WTN085-WJM23","Northern Jarrah Forest","WTN085",2.2,0.630720673329826,0.777140809745611,259.166666666667,627.333333333333,0.349806781690524,0.572648236251864,-126.666666666667,-410.916666666667,0.405696608432701,0.52645720683622,0.35094746644551,"VH","VH",0
"216","WTN085-WJM22","Northern Jarrah Forest","WTN085",2.26,0.606089162740123,0.78317907444668,244.909090909091,643.121212121212,0.318390986988258,0.628606298513785,-139.454545454545,-581.727272727273,0.451200525194634,0.559448564976142,0.391145876089412,"VH","VH",0
"217","WTN085-WJH14","Northern Jarrah Forest","WTN085",2.27,0.578053804381749,0.724615437088577,310.538461538462,706.435897435897,0.276471132728022,0.596436718188004,-69.0769230769231,-458.384615384615,0.414310599447756,0.519530500620737,0.377717793106821,"VH","VH",0
"218","WTN085-WJH7","Northern Jarrah Forest","WTN085",2.31,0.538857006217121,0.725392942122725,292.642857142857,668.571428571429,0.275461414591849,0.833368753647371,62.5714285714286,-377.928571428571,0.502204536325624,0.586595649763546,0.541198793318258,"VH","VH",0
"219","WTN085-WJH11","Northern Jarrah Forest","WTN085",2.46,0.581145024381434,0.752151462994836,238.153846153846,565.451923076923,0.306969418754805,0.693390976035975,-137.461538461538,-563.384615384615,0.457241579849659,0.572711611714104,0.438260061720365,"VH","VH",0
"220","WTN085-WJH13","Northern Jarrah Forest","WTN085",2.72,0.370024364359277,0.655994796559948,366.153846153846,849.826923076923,0.138597995006149,0.577401782263011,40.6153846153846,-467.038461538462,0.374835661968257,0.407357190690308,0.421146259156998,"VH","VH",0
"221","WTN085-ub89","Northern Jarrah Forest","WTN085",0,0.593869731800766,0.816593886462882,168,544,0.287925696594427,0.0715276670858203,78,-120.5,0.11045979231167,0.10460612599162,0.044848595254898,"U","U",0
"222","WTN085-ub90","Northern Jarrah Forest","WTN085",0,0.586681143684401,0.764895330112721,292,752.5,0.287518355359765,0.136260360662081,95,-194,0.0807659002205796,0.130146092586042,0.0858235050558534,"U","U",0
"223","WTN085-ub91","Northern Jarrah Forest","WTN085",0,0.405570392979779,0.63370288248337,413,910.5,0.133538461538462,0.0933713560616407,203,-138,0.083633017555564,0.100550104488009,0.0663822845466242,"U","VH",4
"224","WTN085-ub92","Northern Jarrah Forest","WTN085",0,0.532467532467532,0.731051344743276,330,824,0.234166182452063,0.0998483203044364,126,-209,0.0719877192930962,0.102615964111451,0.0651127710175699,"U","U",0
"225","WTN085-ub93","Northern Jarrah Forest","WTN085",0,0.583175803402647,0.777188328912467,210,555,0.300970873786408,0.0432548547860457,105,-190.5,0.0981295053830551,0.100818085398325,0.0273043273941811,"U","U",0
