ID,Burn_ID,Site,Lat,Long,drop_outli,OzCBI_full,Severity_class,Phys_veg_type
183,DON081,HKL8,-34.45752,115.87884,Yes,0,U,1
364,FRK050,LHU1,-34.678428,116.600215,No,0,U,1
370,FRK050,LJU1,-34.686626,116.577208,No,0,U,1
401,FRK050,LKU1,-34.682307,116.593424,No,0,U,1
402,FRK050,LKU5,-34.673253,116.637241,No,0,U,1
352,FRK050,LHL3,-34.692475,116.70434,No,0.65,L,1
386,FRK050,LKL7b,-34.711619,116.675653,No,1.01,L,1
149,DON079,EJL3,-34.191778,115.855167,No,1.02,L,1
355,FRK050,LHL7,-34.673136,116.625481,No,1.03,L,1
374,FRK050,LKL1,-34.627437,116.601728,No,1.04,L,1
356,FRK050,LHL9,-34.676521,116.609434,No,1.13,L,1
177,DON081,HKL10,-34.44751,115.88588,No,1.15,L,1
362,FRK050,LHM8,-34.676293,116.612471,No,1.17,L,1
383,FRK050,LKL5,-34.672989,116.638422,No,1.25,L,1
150,DON079,EJL6,-34.201611,115.845694,No,1.31,L,1
176,DON081,HKL1,-34.45994,115.90248,No,1.32,L,1
182,DON081,HKL7,-34.46358,115.88062,No,1.33,L,1
179,DON081,HKL3,-34.4733,115.89909,No,1.36,L,1
195,DON081,HKU2,-34.47013,115.88676,No,1.37,L,1
194,DON081,HKU1,-34.474,115.89974,No,1.41,L,1
196,DON081,HKU4,-34.4644,115.88189,No,1.45,L,1
148,DON079,EJL2b,-34.177722,115.84425,No,1.46,L,1
184,DON081,HKL9,-34.45181,115.88101,No,1.48,L,1
181,DON081,HKL5,-34.4706,115.8885,No,1.56,M,1
361,FRK050,LHM7,-34.672826,116.625463,No,1.57,M,1
382,FRK050,LKL2b,-34.677892,116.599438,No,1.58,M,1
351,FRK050,LHL11,-34.703036,116.655902,No,1.6,M,1
358,FRK050,LHM3,-34.692221,116.704233,No,1.61,M,1
147,DON079,EJL1,-34.197583,115.860278,No,1.64,M,1
166,DON079,EKU1b,-34.179583,115.844806,No,1.67,M,1
375,FRK050,LKL11,-34.676959,116.612295,No,1.7,M,1
376,FRK050,LKL11b,-34.677692,116.611833,No,1.7,M,1
363,FRK050,LHM9,-34.675098,116.60991,No,1.73,M,1
154,DON079,EJM2b,-34.178139,115.84925,No,1.78,M,1
180,DON081,HKL4,-34.47835,115.89314,No,1.79,M,1
151,DON079,EJL7,-34.183944,115.820556,No,1.8,M,1
157,DON079,EJM4,-34.191028,115.835611,No,1.86,M,1
159,DON079,EJM7,-34.184944,115.825722,No,1.86,M,1
385,FRK050,LKL7,-34.711472,116.670873,No,1.88,M,1
191,DON081,HKM5,-34.47026,115.89014,No,1.9,M,1
186,DON081,HKM10,-34.44671,115.88661,No,1.93,M,1
178,DON081,HKL2,-34.46772,115.90675,No,1.93,M,1
185,DON081,HKM1,-34.46069,115.90163,No,1.93,M,1
163,DON079,EKL4,-34.191583,115.843861,No,1.98,M,1
367,FRK050,LJL2,-34.67338,116.609044,No,2,M,1
357,FRK050,LHM10,-34.675027,116.608911,No,2,M,1
378,FRK050,LKL13b,-34.71222,116.655209,No,2,M,1
396,FRK050,LKM5,-34.674487,116.638696,No,2.01,M,1
393,FRK050,LKM13,-34.713329,116.655114,No,2.01,M,1
158,DON079,EJM6,-34.202222,115.845444,No,2.01,M,1
192,DON081,HKM7,-34.46487,115.88089,No,2.01,M,1
160,DON079,EKH3,-34.207417,115.846417,No,2.02,M,1
344,FRK050,LHH10,-34.67634,116.598213,No,2.03,M,1
165,DON079,EKM3,-34.206528,115.844778,No,2.08,H,1
187,DON081,HKM1b,-34.461,115.89895,No,2.08,H,1
348,FRK050,LHH7,-34.67243,116.625242,No,2.08,H,1
377,FRK050,LKL13,-34.702919,116.65533,No,2.09,H,1
384,FRK050,LKL5b,-34.67493,116.637965,No,2.11,H,1
153,DON079,EJM1b,-34.175361,115.857278,No,2.12,H,1
398,FRK050,LKM7b,-34.71355,116.674482,No,2.13,H,1
345,FRK050,LHH11,-34.711858,116.670546,No,2.13,H,1
392,FRK050,LKM11,-34.67515,116.61366,No,2.16,H,1
372,FRK050,LKH11,-34.67653,116.612689,No,2.17,H,1
397,FRK050,LKM7,-34.710033,116.66811,No,2.17,H,1
395,FRK050,LKM2,-34.677025,116.598822,No,2.19,H,1
155,DON079,EJM3,-34.191056,115.855861,No,2.21,H,1
369,FRK050,LJM2,-34.674018,116.609082,No,2.23,H,1
349,FRK050,LHH8,-34.675855,116.613194,No,2.23,H,1
365,FRK050,LJH2,-34.67378,116.609758,No,2.31,H,1
391,FRK050,LKM1,-34.680399,116.60202,No,2.33,H,1
141,DON079,EJH1b,-34.175222,115.857111,No,2.34,H,1
168,DON081,HKH10,-34.44612,115.88711,No,2.37,H,1
188,DON081,HKM2,-34.46485,115.90514,No,2.39,H,1
350,FRK050,LHH9,-34.676093,116.610252,No,2.4,H,1
152,DON079,EJM1,-34.197278,115.861389,No,2.42,H,1
167,DON081,HKH1,-34.46145,115.89837,No,2.42,H,1
193,DON081,HKM9,-34.45292,115.8799,No,2.43,H,1
170,DON081,HKH3,-34.47234,115.90013,No,2.49,H,1
171,DON081,HKH4,-34.47656,115.89511,No,2.5,H,1
175,DON081,HKH9,-34.45357,115.87927,No,2.51,H,1
346,FRK050,LHH4,-34.693079,116.704142,No,2.52,H,1
142,DON079,EJH2,-34.189,115.857583,No,2.53,H,1
146,DON079,EJH6,-34.201917,115.842944,No,2.54,H,1
169,DON081,HKH2,-34.46566,115.9051,No,2.55,VH,1
172,DON081,HKH5,-34.46949,115.89008,No,2.56,VH,1
190,DON081,HKM4,-34.47791,115.89532,No,2.56,VH,1
189,DON081,HKM3,-34.4727,115.90135,No,2.58,VH,1
144,DON079,EJH3,-34.189222,115.856833,No,2.64,VH,1
140,DON079,EJH1,-34.195083,115.858611,No,2.64,VH,1
174,DON081,HKH8,-34.45718,115.87983,No,2.65,VH,1
145,DON079,EJH4,-34.191944,115.834556,No,2.65,VH,1
173,DON081,HKH7,-34.4643,115.88351,No,2.79,VH,1
40,DON051,GExJU11,-34.15953,115.95394,Yes,0,U,2
43,DON051,GExU,-34.15665,115.93497,Yes,0,U,2
63,DON051,GJU3,-34.20241,115.91361,Yes,0,U,2
64,DON051,GJU5,-34.15241,115.8957,No,0,U,2
65,DON051,GJUa,-34.19658,115.89659,Yes,0,U,2
114,DON076,YJU1,-34.18661,116.25886,No,0,U,2
115,DON076,YJU10,-34.1802,116.29567,No,0,U,2
116,DON076,YJU3,-34.19214,116.27212,No,0,U,2
117,DON076,YJU4,-34.19874,116.28139,No,0,U,2
118,DON076,YJU5,-34.19739,116.29094,No,0,U,2
119,DON076,YJU6,-34.20795,116.29719,No,0,U,2
120,DON076,YJU8,-34.20595,116.26178,No,0,U,2
121,DON076,YJU9,-34.19145,116.23815,No,0,U,2
210,DON096,MJL2,-34.16386,116.62759,Yes,0,U,2
211,DON096,MJL3,-34.16183,116.63468,No,0,U,2
218,DON096,MJL9,-34.17378,116.64249,Yes,0,U,2
230,DON096,MJU1,-34.16202,116.63619,No,0,U,2
231,DON096,MJU2a,-34.16213,116.62924,No,0,U,2
232,DON096,MJU3,-34.15661,116.64684,No,0,U,2
233,DON096,MJU4,-34.16645,116.66064,No,0,U,2
234,DON096,MJU4a,-34.15871,116.64669,No,0,U,2
235,DON096,MJU6,-34.18279,116.65666,No,0,U,2
236,DON096,MJU7,-34.20248,116.67933,No,0,U,2
237,DON096,MJU8,-34.17374,116.6989,Yes,0,U,2
245,DON096,MWU1,-34.16596,116.6729,Yes,0,U,2
246,DON096,MWU2,-34.16619,116.68366,No,0,U,2
532,WTN006,GJU1,-33.386644,115.946731,Yes,0,U,2
548,WTN028,YEJU1,-33.19543,116.24346,Yes,0,U,2
623,WTN085,WJU10,-33.350083,115.99772,Yes,0.06,U,2
605,WTN085,WJL10,-33.350583,115.997819,Yes,0.36,U,2
353,FRK050,LHL4,-34.67284,116.696375,No,0.6,L,2
522,WTN006,GJL3,-33.386445,115.946489,No,0.72,L,2
207,DON096,MJL1a,-34.16399,116.61517,No,0.79,L,2
238,DON096,MJWL2,-34.17705,116.61628,No,0.84,L,2
84,DON051,GSL2,-34.19849,115.90492,Yes,0.85,L,2
611,WTN085,WJL4,-33.352366,115.994542,No,0.88,L,2
46,DON051,GJEx9,-34.16286,115.95251,No,0.9,L,2
240,DON096,MWL1,-34.176,116.70247,No,0.91,L,2
523,WTN006,GJL4,-33.387205,115.945919,No,0.91,L,2
389,FRK050,LKL9,-34.705556,116.635012,No,0.94,L,2
381,FRK050,LKL2,-34.679152,116.800483,No,0.98,L,2
559,WTN028,YHL8,-33.17278,116.26575,No,0.98,L,2
214,DON096,MJL5,-34.16724,116.6545,No,0.99,L,2
241,DON096,MWL4,-34.16575,116.67833,No,1,L,2
216,DON096,MJL7,-34.20194,116.67919,No,1,L,2
585,WTN028,YNJL6,-33.15331,116.22903,No,1.01,L,2
610,WTN085,WJL3,-33.352549,115.994875,No,1.02,L,2
607,WTN085,WJL2,-33.352858,115.994792,No,1.05,L,2
380,FRK050,LKL17,-34.671507,116.653107,No,1.05,L,2
366,FRK050,LJL1,-34.686866,116.596309,No,1.05,L,2
55,DON051,GJL5,-34.1514,115.89487,Yes,1.05,L,2
213,DON096,MJL4,-34.15777,116.64747,No,1.08,L,2
103,DON076,YJL9,-34.19061,116.23758,No,1.08,L,2
96,DON076,YJL2,-34.19463,116.26242,No,1.1,L,2
622,WTN085,WJU1,-33.335719,116.020158,No,1.14,L,2
77,DON051,GKLb,-34.19172,115.89947,No,1.15,L,2
45,DON051,GJEx8,-34.16185,115.95126,No,1.16,L,2
208,DON096,MJL1,-34.16526,116.66983,No,1.17,L,2
76,DON051,GKLa,-34.19393,115.89804,No,1.18,L,2
97,DON076,YJL3,-34.19274,116.27421,No,1.18,L,2
102,DON076,YJL8,-34.20677,116.26207,No,1.19,L,2
558,WTN028,YHL6,-33.468784,116.267417,Yes,1.21,L,2
520,WTN006,GJL1,-33.390526,115.973099,No,1.24,L,2
57,DON051,GJLa,-34.19682,115.89602,No,1.24,L,2
68,DON051,GKEx4,-34.17511,115.88249,No,1.24,L,2
209,DON096,MJL10,-34.17535,116.64165,No,1.25,L,2
524,WTN006,GJL5,-33.367138,115.945706,No,1.26,L,2
56,DON051,GJL9,-34.13981,115.97298,No,1.27,L,2
539,WTN028,YEJL3,-33.19449,116.24505,No,1.28,L,2
215,DON096,MJL6,-34.1743,116.65232,No,1.29,L,2
53,DON051,GJL3,-34.20098,115.91468,No,1.3,L,2
212,DON096,MJL3a,-34.16124,116.63403,No,1.31,L,2
52,DON051,GJL1,-34.16708,115.951,No,1.33,L,2
359,FRK050,LHM4,-34.672276,116.696289,No,1.33,L,2
95,DON076,YJL10,-34.18055,116.29528,No,1.35,L,2
354,FRK050,LHL6,-34.662795,116.661036,No,1.36,L,2
99,DON076,YJL5,-34.19958,116.29437,No,1.36,L,2
604,WTN085,WJL1,-33.352954,115.994538,No,1.37,L,2
67,DON051,GKEx3,-34.17923,115.88704,No,1.37,L,2
100,DON076,YJL6,-34.20825,116.29603,No,1.38,L,2
222,DON096,MJM2,-34.16416,116.62945,No,1.39,L,2
525,WTN006,GJL6,-33.368019,115.945401,No,1.39,L,2
101,DON076,YJL7,-34.21749,116.28165,No,1.41,L,2
531,WTN006,GJM7,-33.367857,115.944169,No,1.41,L,2
217,DON096,MJL8,-34.16174,116.66736,No,1.42,L,2
60,DON051,GJM4,-34.16722,115.88858,No,1.45,M,2
41,DON051,GExK10,-34.15976,115.95334,No,1.46,M,2
128,DON078,CJL10,-34.22416,116.35781,No,1.46,M,2
61,DON051,GJM9,-34.14027,115.97369,No,1.47,M,2
130,DON078,CJL4,-34.22415,116.36611,No,1.47,M,2
608,WTN085,WJL21,-33.34564,116.00831,No,1.48,M,2
108,DON076,YJM4,-34.19699,116.28139,No,1.5,M,2
529,WTN006,GJM4,-33.386197,115.945448,No,1.5,M,2
521,WTN006,GJL2,-33.389756,115.973114,No,1.52,M,2
587,WTN028,YNJL8,-33.126464,116.284756,No,1.52,M,2
62,DON051,GJMa,-34.19767,115.89772,No,1.54,M,2
133,DON078,CJL9,-34.22196,116.35978,No,1.55,M,2
66,DON051,GKEx13,-34.15532,115.93569,No,1.56,M,2
606,WTN085,WJL17,-33.349208,116.002993,No,1.59,M,2
44,DON051,GJEx12,-34.15733,115.95184,No,1.59,M,2
584,WTN028,YNJL5,-33.126426,116.238679,No,1.61,M,2
586,WTN028,YNJL7,-33.18893,116.17192,No,1.64,M,2
39,DON051,GExJ6,-34.12778,115.93475,No,1.66,M,2
112,DON076,YJM8,-34.20795,116.26549,No,1.66,M,2
379,FRK050,LKL16,-34.673892,116.649167,No,1.67,M,2
138,DON078,CJM7,-34.22106,116.36984,No,1.68,M,2
373,FRK050,LKH9,-34.705683,116.635626,No,1.68,M,2
74,DON051,GKL10,-34.13135,115.98281,No,1.7,M,2
80,DON051,GKM4,-34.14442,115.9096,No,1.7,M,2
224,DON096,MJM4,-34.15879,116.64836,No,1.7,M,2
132,DON078,CJL7,-34.22094,116.36631,No,1.71,M,2
135,DON078,CJM10,-34.22506,116.35782,No,1.72,M,2
347,FRK050,LHH4a,-34.672306,116.696817,No,1.74,M,2
98,DON076,YJL4,-34.19837,116.28297,No,1.75,M,2
609,WTN085,WJL23,-33.343889,116.00455,No,1.76,M,2
540,WTN028,YEJL4,-33.18979,116.24986,No,1.79,M,2
617,WTN085,WJM19,-33.34695,116.008041,No,1.79,M,2
131,DON078,CJL5,-34.22319,116.36956,No,1.79,M,2
127,DON078,CJL1,-34.22936,116.34929,No,1.81,M,2
129,DON078,CJL11,-34.22582,116.35314,No,1.82,M,2
582,WTN028,YNJL3,-33.145822,116.264611,No,1.82,M,2
105,DON076,YJM10,-34.18107,116.2947,No,1.82,M,2
581,WTN028,YNJL2,-33.15347,116.2625,No,1.83,M,2
612,WTN085,WJL5,-33.351703,115.994119,No,1.83,M,2
613,WTN085,WJL6,-33.351312,115.994005,No,1.83,M,2
109,DON076,YJM5,-34.1981,116.29159,No,1.83,M,2
601,WTN085,WJH19,-33.347212,116.007293,No,1.84,M,2
387,FRK050,LKL8,-34.705195,116.63621,No,1.84,M,2
59,DON051,GJM3,-34.19841,115.90673,No,1.85,M,2
390,FRK050,LKL9b,-34.705219,116.63494,No,1.85,M,2
563,WTN028,YHM6a,-33.16271,116.25588,No,1.86,M,2
223,DON096,MJM3,-34.16058,116.63543,No,1.87,M,2
360,FRK050,LHM6,-34.66282,116.661554,No,1.87,M,2
111,DON076,YJM7,-34.21682,116.27939,No,1.89,M,2
73,DON051,GKH7b,-34.12425,115.93839,No,1.89,M,2
107,DON076,YJM3,-34.19492,116.2721,No,1.9,M,2
614,WTN085,WJL9,-33.350056,115.996938,No,1.92,M,2
228,DON096,MJM8,-34.16243,116.66724,No,1.92,M,2
388,FRK050,LKL8b,-34.703846,116.636359,No,1.93,M,2
530,WTN006,GJM5,-33.385885,115.946396,No,1.93,M,2
526,WTN006,GJM1,-33.390222,115.972696,No,1.93,M,2
615,WTN085,WJM15,-33.354982,115.994617,No,1.94,M,2
528,WTN006,GJM3,-33.390799,115.972444,No,1.94,M,2
368,FRK050,LJM1,-34.686895,116.595281,No,1.94,M,2
81,DON051,GKM7,-34.12096,115.93917,No,1.95,M,2
78,DON051,GKM10,-34.1346,115.98065,No,1.97,M,2
137,DON078,CJM4,-34.22394,116.36586,No,1.97,M,2
104,DON076,YJM1,-34.18629,116.25686,No,1.97,M,2
82,DON051,GSH2,-34.19809,115.90484,No,1.98,M,2
162,DON079,EKL1b,-34.172056,115.851361,No,1.98,M,2
58,DON051,GJM1,-34.1651,115.95291,No,2.01,M,2
75,DON051,GKL10b,-34.1338,115.98083,No,2.01,M,2
113,DON076,YJM9,-34.1917,116.23972,No,2.02,M,2
54,DON051,GJL4,-34.17057,115.88876,No,2.02,M,2
72,DON051,GKH7,-34.12602,115.93813,No,2.02,M,2
621,WTN085,WJM8,-33.34982,115.994374,No,2.03,M,2
161,DON079,EKL1,-34.189972,115.879,No,2.03,M,2
537,WTN028,YEJL1,-33.19214,116.22884,No,2.05,H,2
616,WTN085,WJM16,-33.355216,115.99428,No,2.05,H,2
42,DON051,GExM1,-34.19825,115.90242,No,2.05,H,2
580,WTN028,YNJL12,-33.19004,116.31294,No,2.05,H,2
620,WTN085,WJM27,-33.349127,116.004566,No,2.06,H,2
591,WTN028,YNJM3,-33.1459,116.26103,No,2.06,H,2
541,WTN028,YEJL6,-33.179278,116.289105,No,2.07,H,2
598,WTN085,WJH12,-33.353084,115.998664,No,2.07,H,2
69,DON051,GKEx5,-34.1441,115.91212,No,2.08,H,2
400,FRK050,LKM8b,-34.703201,116.637338,No,2.09,H,2
227,DON096,MJM7,-34.20141,116.67958,No,2.09,H,2
88,DON076,YJH3,-34.19593,116.27279,No,2.1,H,2
399,FRK050,LKM8,-34.704167,116.637946,No,2.1,H,2
225,DON096,MJM5,-34.16738,116.65733,No,2.11,H,2
86,DON076,YJH10,-34.18093,116.29365,No,2.11,H,2
50,DON051,GJH9,-34.13959,115.97397,No,2.13,H,2
552,WTN028,YHH6,-33.16787,116.26928,No,2.14,H,2
164,DON079,EKM1b,-34.171333,115.851389,No,2.14,H,2
602,WTN085,WJH28,-33.344668,116.005477,No,2.14,H,2
122,DON078,CJH10,-34.22555,116.35773,No,2.15,H,2
527,WTN006,GJM2,-33.389896,115.97257,No,2.16,H,2
583,WTN028,YNJL4,-33.12136,116.2625,No,2.16,H,2
106,DON076,YJM2,-34.19665,116.26281,No,2.17,H,2
139,DON078,CJM9,-34.22159,116.36096,No,2.18,H,2
79,DON051,GKM2,-34.16311,115.94367,No,2.18,H,2
94,DON076,YJH9,-34.18948,116.23861,No,2.19,H,2
92,DON076,YJH7,-34.21852,116.2791,No,2.19,H,2
589,WTN028,YNJM12,-33.18844,116.31302,No,2.2,H,2
619,WTN085,WJM23,-33.344493,116.00454,No,2.2,H,2
596,WTN028,YNJM8,-33.12607,116.28245,No,2.2,H,2
134,DON078,CJM1,-34.22892,116.34894,No,2.21,H,2
219,DON096,MJM1a,-34.1647,116.61438,No,2.21,H,2
87,DON076,YJH2,-34.19752,116.26388,No,2.21,H,2
576,WTN028,YNJH6,-33.15335,116.22649,No,2.21,H,2
244,DON096,MWM4,-34.17006,116.67956,No,2.22,H,2
47,DON051,GJH1,-34.16484,115.95255,No,2.22,H,2
220,DON096,MJM1,-34.16588,116.66875,No,2.24,H,2
136,DON078,CJM11,-34.22641,116.35341,No,2.24,H,2
126,DON078,CJH9,-34.2226,116.36036,No,2.25,H,2
143,DON079,EJH2b,-34.172611,115.843639,No,2.25,H,2
618,WTN085,WJM22,-33.34356,116.00665,No,2.26,H,2
568,WTN028,YHM9,-33.16816,116.24593,No,2.26,H,2
600,WTN085,WJH14,-33.354232,115.995833,No,2.27,H,2
239,DON096,MWH4,-34.1674,116.6787,No,2.28,H,2
110,DON076,YJM6,-34.20808,116.2947,No,2.28,H,2
518,WTN006,GJH1,-33.367231,115.944654,No,2.3,H,2
123,DON078,CJH11,-34.22688,116.35291,No,2.3,H,2
242,DON096,MWM1,-34.17501,116.70227,No,2.3,H,2
603,WTN085,WJH7,-33.350098,115.99352,No,2.31,H,2
204,DON096,MJH7,-34.20085,116.67913,No,2.32,H,2
201,DON096,MJH4,-34.16002,116.64679,No,2.32,H,2
592,WTN028,YNJM4,-33.119287,116.25616,No,2.33,H,2
229,DON096,MJM9,-34.17392,116.64363,No,2.34,H,2
594,WTN028,YNJM6,-33.17933,116.289183,No,2.34,H,2
550,WTN028,YHH4,-33.167756,116.278513,No,2.34,H,2
91,DON076,YJH6,-34.20741,116.29403,No,2.35,H,2
124,DON078,CJH4,-34.22285,116.36503,No,2.36,H,2
566,WTN028,YHM7,-33.16057,116.23494,No,2.36,H,2
588,WTN028,YNJM1,-33.1649,116.296917,No,2.36,H,2
48,DON051,GJH3,-34.19813,115.90877,No,2.37,H,2
579,WTN028,YNJL1,-33.16345,116.29708,No,2.37,H,2
565,WTN028,YHM7a,-33.15984,116.23775,No,2.37,H,2
590,WTN028,YNJM2,-33.15528,116.2649,No,2.38,H,2
200,DON096,MJH2,-34.16518,116.62659,No,2.39,H,2
556,WTN028,YHL4,-33.16751,116.27769,No,2.39,H,2
542,WTN028,YEJM1,-33.1915,116.22831,No,2.39,H,2
221,DON096,MJM10,-34.174,116.64181,No,2.4,H,2
557,WTN028,YHL6a,-33.16262,116.25832,No,2.4,H,2
571,WTN028,YNJH12,-33.18902,116.312943,No,2.4,H,2
226,DON096,MJM6,-34.17506,116.65401,No,2.4,H,2
205,DON096,MJH8,-34.17495,116.70008,No,2.41,H,2
125,DON078,CJH5,-34.2233,116.36986,No,2.41,H,2
595,WTN028,YNJM7,-33.186603,116.172199,No,2.41,H,2
543,WTN028,YEJM10,-33.182262,116.303198,No,2.43,H,2
545,WTN028,YEJM4,-33.18944,116.24723,No,2.44,H,2
544,WTN028,YEJM3,-33.19274,116.24441,No,2.45,H,2
597,WTN085,WJH11,-33.351319,115.998546,No,2.46,H,2
593,WTN028,YNJM5,-33.12482,116.23701,No,2.46,H,2
553,WTN028,YHH7,-33.16078,116.23669,No,2.47,H,2
51,DON051,GJHa,-34.19765,115.89437,No,2.47,H,2
569,WTN028,YHM9b,-33.16852,116.24574,No,2.48,H,2
519,WTN006,GJH2,-33.367458,115.945233,No,2.49,H,2
574,WTN028,YNJH4,-33.1198,116.26218,No,2.5,H,2
535,WTN028,YEJH3,-33.19384,116.24327,No,2.5,H,2
533,WTN028,YEJH1,-33.19001,116.22926,No,2.5,H,2
93,DON076,YJH8,-34.2065,116.26414,No,2.5,H,2
572,WTN028,YNJH2,-33.156658,116.262118,No,2.5,H,2
49,DON051,GJH4,-34.16712,115.88987,No,2.5,H,2
89,DON076,YJH4,-34.19724,116.28476,No,2.51,H,2
578,WTN028,YNJH8,-33.12654,116.28552,No,2.52,H,2
243,DON096,MWM2,-34.17648,116.61615,No,2.52,H,2
575,WTN028,YNJH5,-33.12333,116.23755,No,2.53,H,2
71,DON051,GKH2a,-34.16337,115.942,No,2.53,H,2
547,WTN028,YEJM6,-33.17838,116.29002,No,2.54,H,2
538,WTN028,YEJL10,-33.18199,116.30305,No,2.55,VH,2
70,DON051,GKH2,-34.16151,115.94623,No,2.55,VH,2
90,DON076,YJH5,-34.19745,116.29565,No,2.56,VH,2
561,WTN028,YHM3b,-33.16827,116.29192,No,2.57,VH,2
560,WTN028,YHM3,-33.168949,116.292001,No,2.57,VH,2
197,DON096,MJH1,-34.16617,116.66808,No,2.57,VH,2
564,WTN028,YHM6,-33.16803,116.26831,No,2.57,VH,2
570,WTN028,YNJH1,-33.16612,116.29644,No,2.58,VH,2
546,WTN028,YEJM4b,-33.18845,116.24869,No,2.58,VH,2
567,WTN028,YHM8,-33.17184,116.26234,No,2.59,VH,2
536,WTN028,YEJH6,-33.17762,116.28941,No,2.6,VH,2
206,DON096,MJH9,-34.17203,116.64187,No,2.61,VH,2
202,DON096,MJH5,-34.16955,116.65529,No,2.62,VH,2
554,WTN028,YHH8,-33.17337,116.26427,No,2.63,VH,2
534,WTN028,YEJH10,-33.18088,116.30418,No,2.66,VH,2
198,DON096,MJH1a,-34.16561,116.61382,No,2.66,VH,2
85,DON076,YJH1,-34.1981,116.25866,No,2.67,VH,2
555,WTN028,YHL3,-33.17122,116.29137,No,2.68,VH,2
83,DON051,GSH2b,-34.19682,115.89935,Yes,2.68,VH,2
199,DON096,MJH10,-34.17328,116.63963,No,2.69,VH,2
577,WTN028,YNJH7,-33.1864,116.17374,No,2.69,VH,2
573,WTN028,YNJH3,-33.14455,116.26308,No,2.7,VH,2
599,WTN085,WJH13,-33.353912,115.997443,No,2.72,VH,2
562,WTN028,YHM4,-33.16847,116.27783,No,2.75,VH,2
551,WTN028,YHH6a,-33.16216,116.25673,No,2.76,VH,2
549,WTN028,YHH3,-33.16961,116.29208,No,2.78,VH,2
203,DON096,MJH6,-34.17543,116.65508,No,2.83,VH,2
417,PHS128,JU1,-31.46498,116.28313,Yes,0,U,3
418,PHS128,JU2,-31.44911,116.29084,Yes,0,U,3
419,PHS128,JU3,-31.44686,116.27751,Yes,0,U,3
420,PHS128,JU4,-31.44214,116.27704,Yes,0,U,3
421,PHS128,JU5,-31.44613,116.27636,Yes,0,U,3
437,PHS128,WU1,-31.46465,116.28222,Yes,0,U,3
438,PHS128,WU3,-31.43279,116.28282,Yes,0,U,3
439,PHS128,WU4,-31.45317,116.29173,Yes,0,U,3
440,PHS128,WU5,-31.42594,116.29305,Yes,0.03,U,3
407,PHS128,JL1a,-31.46634,116.28476,Yes,1.11,L,3
426,PHS128,WL2,-31.45595,116.29088,Yes,1.21,L,3
430,PHS128,WL6,-31.43813,116.29308,Yes,1.26,L,3
411,PHS128,JL5,-31.44408,116.29084,Yes,1.29,L,3
408,PHS128,JL2,-31.45884,116.28811,Yes,1.39,L,3
428,PHS128,WL4,-31.42941,116.28988,Yes,1.42,L,3
425,PHS128,WL1,-31.46568,116.28272,Yes,1.48,M,3
432,PHS128,WM2,-31.45708,116.29077,Yes,1.52,M,3
406,PHS128,JL1,-31.44113,116.27764,Yes,1.82,M,3
427,PHS128,WL3,-31.43298,116.28184,Yes,1.87,M,3
409,PHS128,JL3,-31.44699,116.27662,Yes,1.89,M,3
431,PHS128,WM1,-31.46525,116.28102,Yes,1.98,M,3
414,PHS128,JM3,-31.44662,116.27894,Yes,2.03,M,3
410,PHS128,JL4,-31.4331,116.29343,Yes,2.08,H,3
413,PHS128,JM2,-31.45954,116.291002,Yes,2.14,H,3
412,PHS128,JM1,-31.4488,116.29146,Yes,2.16,H,3
436,PHS128,WM6,-31.43725,116.2925,Yes,2.18,H,3
435,PHS128,WM5,-31.4305,116.29139,Yes,2.26,H,3
416,PHS128,JM6,-31.43219,116.29381,Yes,2.26,H,3
429,PHS128,WL5,-31.42958,116.287,Yes,2.26,H,3
434,PHS128,WM4,-31.43486,116.29609,Yes,2.29,H,3
415,PHS128,JM5,-31.43213,116.29571,Yes,2.33,H,3
433,PHS128,WM3,-31.45303,116.27587,Yes,2.42,H,3
403,PHS128,JH1,-31.46591,116.28359,Yes,2.49,H,3
405,PHS128,JH3,-31.4488,116.29146,Yes,2.56,VH,3
424,PHS128,WH3,-31.45251,116.27638,Yes,2.57,VH,3
422,PHS128,WH1,-31.4677,116.28337,Yes,2.68,VH,3
404,PHS128,JH2,-31.45844,116.28984,Yes,2.72,VH,3
423,PHS128,WH2,-31.4512,116.27723,Yes,2.76,VH,3
318,ESP016,NHU1,-31.88161,121.63872,No,0,U,4
319,ESP016,NHU2,-31.87914,121.62817,Yes,0,U,4
250,ESP014,DHU1,-32.48869,121.92047,No,0.13,U,4
321,ESP016,NHU4,-31.89632,121.60427,No,0.14,U,4
322,ESP016,NHU5,-31.84614,121.565,Yes,0.25,U,4
320,ESP016,NHU3,-31.88198,121.62843,No,0.33,U,4
323,ESP016,NHU6,-32.01893,121.59734,Yes,0.37,U,4
271,ESP014,DWU3,-32.44488,122.07251,No,0.44,U,4
251,ESP014,DHU2,-32.48623,121.9259,No,0.65,M,4
260,ESP014,DWL5,-32.44866,121.97281,No,0.99,M,4
300,ESP016,NHL1,-31.89612,121.60349,No,1.02,M,4
312,ESP016,NHM4,-31.89428,121.60702,No,1.04,M,4
313,ESP016,NHM5,-31.82689,121.52875,No,1.05,M,4
304,ESP016,NHL6,-32.01309,121.63322,No,1.1,M,4
302,ESP016,NHL4,-32.01895,121.59885,No,1.12,M,4
306,ESP016,NHM10,-31.85661,121.5871,No,1.16,M,4
303,ESP016,NHL5,-32.01284,121.63375,No,1.31,M,4
258,ESP014,DWL3,-32.49256,121.91893,No,1.31,M,4
311,ESP016,NHM3,-31.88137,121.62844,No,1.32,M,4
305,ESP016,NHM1,-31.88107,121.63874,No,1.36,M,4
249,ESP014,DHM1,-32.4892,121.92034,No,1.37,M,4
257,ESP014,DWL2,-32.48864,121.92531,No,1.38,M,4
341,ESP016,NWM2,-31.89583,121.60304,No,1.38,M,4
301,ESP016,NHL3,-31.84145,121.5548,No,1.46,M,4
310,ESP016,NHM2,-31.87885,121.62739,No,1.46,M,4
259,ESP014,DWL4,-32.49444,121.91385,No,1.46,M,4
316,ESP016,NHM8,-31.84108,121.55438,No,1.54,M,4
261,ESP014,DWL6,-32.44291,122.0368,No,1.58,M,4
314,ESP016,NHM6,-31.83373,121.53692,No,1.6,M,4
269,ESP014,DWM6,-32.45616,121.94748,No,1.62,M,4
268,ESP014,DWM5,-32.46244,121.93935,No,1.73,M,4
315,ESP016,NHM7,-31.8333,121.53643,No,1.8,M,4
317,ESP016,NHM9,-31.84777,121.56391,No,1.8,M,4
342,ESP016,NWM3,-31.82724,121.5283,No,1.87,M,4
333,ESP016,NMM1,-31.87941,121.62148,No,1.92,M,4
338,ESP016,NW1,-31.88075,121.63844,No,2.13,VH,4
266,ESP014,DWM3,-32.48767,121.92475,No,2.18,VH,4
296,ESP016,NHH4,-31.83735,121.54546,No,2.31,VH,4
343,ESP016,NWM4,-31.84759,121.56434,No,2.33,VH,4
247,ESP014,DHH1,-32.4893,121.9207,No,2.43,VH,4
267,ESP014,DWM4,-32.49498,121.91879,No,2.48,VH,4
337,ESP016,NMM6,-32.1797,121.48677,No,2.57,VH,4
292,ESP016,NHH1,-31.88034,121.63882,No,2.57,VH,4
297,ESP016,NHH5,-32.01396,121.63394,No,2.6,VH,4
248,ESP014,DHH2,-32.48624,121.92647,No,2.6,VH,4
339,ESP016,NWH1,-31.89121,121.60309,No,2.66,VH,4
340,ESP016,NWH3,-32.01893,121.59659,No,2.72,VH,4
294,ESP016,NHH2,-31.87991,121.62861,No,2.76,VH,4
253,ESP014,DWH3,-32.44275,122.06586,No,2.88,VH,4
295,ESP016,NHH3,-31.88193,121.62668,Yes,2.93,VH,4
35,ALB040,LFWU8,-34.89732,118.22329,Yes,0,U,7
22,ALB040,LFWL6,-34.88983,118.22386,Yes,0.79,L,7
20,ALB040,LFWL4,-34.87811,118.22579,Yes,0.81,L,7
3,ALB040,LFL1,-34.871702,118.245639,Yes,0.91,L,7
6,ALB040,LFM2,-34.8722,118.243783,Yes,0.95,L,7
21,ALB040,LFWL5,-34.88297,118.22545,Yes,0.95,L,7
19,ALB040,LFWL3,-34.87679,118.23225,Yes,0.98,L,7
7,ALB040,LFWH10,-34.878487,118.238691,Yes,1.02,L,7
4,ALB040,LFL2,-34.872047,118.244198,Yes,1.07,L,7
29,ALB040,LFWM4,-34.87787,118.22731,Yes,1.07,L,7
23,ALB040,LFWL7,-34.89318,118.22521,Yes,1.15,L,7
34,ALB040,LFWM9,-34.884117,118.236592,Yes,1.17,L,7
17,ALB040,LFWL10,-34.879378,118.237766,Yes,1.21,L,7
24,ALB040,LFWL8,-34.89751,118.22269,Yes,1.24,L,7
5,ALB040,LFM1,-34.871621,118.24537,Yes,1.24,L,7
26,ALB040,LFWM10,-34.878791,118.238377,Yes,1.24,L,7
10,ALB040,LFWH4,-34.87896,118.22741,Yes,1.25,L,7
12,ALB040,LFWH6,-34.88823,118.22464,Yes,1.27,L,7
31,ALB040,LFWM6,-34.88894,118.22474,Yes,1.29,L,7
30,ALB040,LFWM5,-34.88227,118.22473,Yes,1.29,L,7
32,ALB040,LFWM7,-34.89246,118.22418,Yes,1.31,L,7
1,ALB040,LFH1,-34.871168,118.245118,Yes,1.37,L,7
37,ALB040,MTSL1,-34.88871,118.23304,Yes,1.39,L,7
2,ALB040,LFH2,-34.871739,118.244054,Yes,1.41,L,7
15,ALB040,LFWH9,-34.884758,118.236096,Yes,1.41,L,7
9,ALB040,LFWH3,-34.87647,118.23218,Yes,1.45,M,7
11,ALB040,LFWH5,-34.88282,118.2249,Yes,1.49,M,7
38,ALB040,MTSM1,-34.88965,118.23289,Yes,1.5,M,7
28,ALB040,LFWM3,-34.87676,118.23196,Yes,1.5,M,7
13,ALB040,LFWH7,-34.89259,118.2247,Yes,1.61,M,7
36,ALB040,MTSH1,-34.89001,118.23225,Yes,1.68,M,7
33,ALB040,LFWM8,-34.89721,118.22081,Yes,1.7,M,7
14,ALB040,LFWH8,-34.89782,118.222,Yes,1.73,M,7
460,SWC057,YaBL4,-31.382355,115.590699,No,1.06,M,9
499,SWC057,YaHM16,-31.37278,115.592,No,1.19,M,9
492,SWC057,YaHL14b,-31.372324,115.58257,No,1.34,M,9
452,SWC057,YaBL10,-31.47475,115.63175,No,1.35,M,9
456,SWC057,YaBL2c,-31.35348,115.580038,No,1.64,M,9
453,SWC057,YaBL11,-31.48348,115.63909,No,1.67,M,9
475,SWC057,YaBM7,-31.47951,115.62278,No,1.76,M,9
394,FRK050,LKM1b,-34.685972,116.80182,No,1.93,M,9
505,SWC057,YaNJL2,-31.4734,115.63778,No,1.94,M,9
457,SWC057,YaBL2b,-31.35477,115.60057,No,2.02,M,9
491,SWC057,YaHL14a,-31.37314,115.58288,No,2.13,H,9
473,SWC057,YaBM3,-31.38281,115.59359,No,2.19,H,9
472,SWC057,YaBM2c,-31.35537,115.578,No,2.34,H,9
467,SWC057,YaBM11,-31.482094,115.630294,No,2.42,H,9
504,SWC057,YaNJH2,-31.47312,115.63515,No,2.43,H,9
371,FRK050,LKH1,-34.688314,116.801211,No,2.44,H,9
446,SWC057,YaBH2c,-31.35545,115.57935,No,2.47,H,9
506,SWC057,YaNJM2,-31.473208,115.636293,No,2.5,H,9
470,SWC057,YaBM2b,-31.355954,115.59898,No,2.5,H,9
483,SWC057,YaHH14,-31.37302,115.58367,No,2.51,H,9
498,SWC057,YaHM14,-31.3728,115.587484,No,2.53,H,9
442,SWC057,YaBH10,-31.47473,115.63622,No,2.55,VH,9
509,SWC057,YaTH5,-31.553154,115.686419,No,2.55,VH,9
445,SWC057,YaBH2b,-31.35569,115.60224,No,2.65,VH,9
447,SWC057,YaBH4,-31.381665,115.590922,No,2.65,VH,9
481,SWC057,YaHH11,-31.48236,115.63594,No,2.67,VH,9
487,SWC057,YaHH7b,-31.47848,115.62263,No,2.84,VH,9
484,SWC057,YaHH1b,-31.373999,115.592412,No,2.85,VH,9
325,ESP016,NHU8,-32.24187,121.31201,No,0.36,U,14
336,ESP016,NMM5,-32.23131,121.3168,Yes,1.81,M,14
328,ESP016,NMH5,-32.23304,121.314,No,2.89,M,14
293,ESP016,NHH10,-32.24231,121.31223,No,2.89,M,14
27,ALB040,LFWM2,-34.87145,118.249361,Yes,0.92,M,17
16,ALB040,LFWL1,-34.873776,118.248125,Yes,1.04,M,17
18,ALB040,LFWL2,-34.871661,118.249131,Yes,1.14,M,17
8,ALB040,LFWH2,-34.871035,118.248795,Yes,1.16,M,17
25,ALB040,LFWM1,-34.872444,118.249067,Yes,1.24,M,17
324,ESP016,NHU7,-32.35866,121.34932,Yes,0.07,M,18
332,ESP016,NML6,-32.27651,121.32277,No,0.8,M,18
331,ESP016,NML5,-32.28326,121.32341,No,0.91,M,18
330,ESP016,NML4,-32.29044,121.32924,No,1.05,M,18
329,ESP016,NML3,-32.3612,121.34492,No,1.26,M,18
334,ESP016,NMM3,-32.34037,121.34371,No,1.41,M,18
307,ESP016,NHM12,-32.3598,121.34731,No,1.91,M,18
309,ESP016,NHM14,-32.25811,121.32858,No,1.97,VH,18
335,ESP016,NMM4,-32.31466,121.34196,No,2.1,VH,18
308,ESP016,NHM13,-32.2906,121.32753,No,2.15,VH,18
326,ESP016,NMH3,-32.34065,121.34437,No,2.49,VH,18
298,ESP016,NHH7,-32.31891,121.3487,Yes,2.83,VH,18
299,ESP016,NHH8,-32.3152,121.34163,No,2.95,VH,18
327,ESP016,NMH4,-32.31452,121.34149,No,3,VH,18
287,ESP015,DMU4,-32.54061,122.2734,No,0.02,U,102
286,ESP015,DMU3,-32.50366,122.27725,No,0.3,U,102
285,ESP015,DMU2,-32.496,122.26853,No,0.38,U,102
278,ESP015,DML4,-32.5832,122.33205,No,1.01,M,102
290,ESP015,DWM1,-32.56223,122.29554,No,1.06,M,102
274,ESP015,DML1,-32.49198,122.27442,No,1.08,M,102
263,ESP014,DWL8,-32.56294,122.08229,No,1.18,M,102
276,ESP015,DML2a,-32.52026,122.25713,No,1.19,M,102
264,ESP014,DWL9,-32.60638,122.04765,No,1.2,M,102
277,ESP015,DML3,-32.57369,122.31328,No,1.32,M,102
289,ESP015,DWL1,-32.49893,122.27742,No,1.37,M,102
262,ESP014,DWL7,-32.44954,122.07066,No,1.38,M,102
256,ESP014,DWL10,-32.6071,122.00277,No,1.56,M,102
275,ESP015,DML2,-32.496,122.26901,No,1.63,M,102
265,ESP014,DWM10,-32.60581,122.01555,No,1.83,M,102
270,ESP014,DWM9,-32.60638,122.04727,No,1.92,M,102
283,ESP015,DMM6,-32.52124,122.25782,No,1.96,VH,102
281,ESP015,DMM3,-32.50399,122.27819,No,2.1,VH,102
282,ESP015,DMM5,-32.5032,122.27905,No,2.21,VH,102
280,ESP015,DMM2,-32.49897,122.29811,No,2.29,VH,102
279,ESP015,DMM1,-32.49132,122.27361,No,2.34,VH,102
252,ESP014,DM1,-32.75563,121.9548,No,2.43,VH,102
284,ESP015,DMM9,-32.56529,122.29676,No,2.51,VH,102
291,ESP015,DWM2,-32.58407,122.34173,No,2.55,VH,102
288,ESP015,DWH1,-32.56275,122.29469,No,2.57,VH,102
273,ESP015,DMH4,-32.56557,122.29543,No,2.78,VH,102
272,ESP015,DMH1,-32.52844,122.25209,No,2.86,VH,102
254,ESP014,DWH4,-32.56364,122.08338,No,2.97,VH,102
255,ESP014,DWH6,-32.60703,122.04724,No,3,VH,102
478,SWC057,YaBU15,-31.498696,115.657844,Yes,0,U,107
503,SWC057,YaHU3,-31.52465,115.64801,Yes,0,U,107
517,SWC057,YaTU1,-31.44366,115.60882,Yes,0,U,107
510,SWC057,YaTL1,-31.44219,115.60743,Yes,1.02,M,107
493,SWC057,YaHL10,-31.44631,115.586437,Yes,1.18,M,107
451,SWC057,YaBL1,-31.541001,115.665811,No,1.21,M,107
495,SWC057,YaHL9,-31.455352,115.582937,Yes,1.24,M,107
494,SWC057,YaHL3,-31.52516,115.64785,No,1.25,M,107
455,SWC057,YaBL15,-31.499248,115.659367,No,1.3,M,107
464,SWC057,YaBL9,-31.44227,115.60117,No,1.44,M,107
513,SWC057,YaTL5,-31.55403,115.684325,No,1.5,M,107
490,SWC057,YaHL13,-31.39955,115.55325,No,1.52,M,107
454,SWC057,YaBL12,-31.39955,115.55325,No,1.65,M,107
462,SWC057,YaBL7,-31.47919,115.621425,No,1.84,M,107
512,SWC057,YaTL13,-31.545483,115.675568,No,1.98,VH,107
480,SWC057,YaHH10,-31.4406,115.58593,No,1.99,VH,107
471,SWC057,YaBM2a,-31.522489,115.658529,No,2.01,VH,107
502,SWC057,YaHM9,-31.45459,115.58291,No,2.23,VH,107
458,SWC057,YaBL2a,-31.52343,115.6595,No,2.27,VH,107
468,SWC057,YaBM13,-31.501322,115.659177,No,2.28,VH,107
501,SWC057,YaHM8,-31.46498,115.58132,No,2.31,VH,107
515,SWC057,YaTM13,-31.546187,115.675397,No,2.33,VH,107
516,SWC057,YaTM5,-31.552183,115.684934,No,2.35,VH,107
496,SWC057,YaHM1,-31.56256,115.68026,No,2.36,VH,107
500,SWC057,YaHM3,-31.522546,115.645679,No,2.38,VH,107
508,SWC057,YaTH13,-31.547158,115.675663,No,2.41,VH,107
444,SWC057,YaBH2a,-31.526068,115.658624,No,2.43,VH,107
507,SWC057,YaTH1,-31.440602,115.609926,No,2.45,VH,107
465,SWC057,YaBM1,-31.56448,115.685544,No,2.52,VH,107
514,SWC057,YaTM1,-31.442181,115.609622,No,2.52,VH,107
488,SWC057,YaHH8,-31.46741,115.58193,No,2.53,VH,107
489,SWC057,YaHH9,-31.45702,115.58252,No,2.53,VH,107
486,SWC057,YaHH3,-31.523974,115.646003,No,2.6,VH,107
450,SWC057,YaBH9,-31.44104,115.6016,No,2.61,VH,107
443,SWC057,YaBH15,-31.500961,115.660947,No,2.63,VH,107
463,SWC057,YaBL8,-31.42759,115.58078,No,2.68,VH,107
497,SWC057,YaHM12,-31.4004,115.554887,No,2.69,VH,107
476,SWC057,YaBM8,-31.428033,115.582794,No,2.7,VH,107
441,SWC057,YaBH1,-31.562386,115.685429,No,2.72,VH,107
479,SWC057,YaHH1,-31.561853,115.671033,No,2.75,VH,107
482,SWC057,YaHH12,-31.399696,115.556279,No,2.84,VH,107
485,SWC057,YaHH27,-31.465861,115.580171,Yes,2.9,VH,107
735,DON006,GiKL6,-34.40283,115.87057,No,1.4,L,1
752,DON006,GiKU8,-34.41267,115.87882,No,1.5,M,1
747,DON006,GiKU1,-34.39979,115.89478,No,1.5,M,1
748,DON006,GiKU10,-34.42371,115.89878,No,1.5,M,1
732,DON006,GiKL2?,-34.39615,115.89257,No,1.5,M,1
749,DON006,GiKU2,-34.39748,115.89367,No,1.6,M,1
751,DON006,GiKU5,-34.39999,115.86980,No,1.6,M,1
733,DON006,GiKL4,-34.39556,115.87324,No,1.6,M,1
734,DON006,GiKL5,-34.40062,115.87094,No,1.6,M,1
750,DON006,GiKU4,-34.39500,115.87285,No,1.7,M,1
745,DON006,GiKM8,-34.41222,115.87979,No,1.8,M,1
739,DON006,GiKM10,-34.42314,115.89818,No,1.8,M,1
742,DON006,GiKM4,-34.39589,115.87316,No,1.9,M,1
731,DON006,GiKL10,-34.42323,115.89759,No,1.9,M,1
743,DON006,GiKM5,-34.40003,115.87105,No,1.9,M,1
736,DON006,GiKL8,-34.41228,115.87853,No,2.1,H,1
728,DON006,GiKH6,-34.40135,115.87162,No,2.1,H,1
726,DON006,GiKH2,-34.39653,115.89125,No,2.2,H,1
729,DON006,GiKH8,-34.41206,115.87975,No,2.3,H,1
744,DON006,GiKM6,-34.40128,115.87137,No,2.3,H,1
727,DON006,GiKH5,-34.39965,115.87090,No,2.4,H,1
741,DON006,GiKM2,-34.39679,115.89184,No,2.4,H,1
824,PHD099,C3st3,-32.31232,116.14101,Yes,0.0,U,2
879,PHS156,WB1,-32.20725,116.09598,Yes,0.0,U,2
881,PHS156,WB2,-32.20714,116.09582,Yes,0.0,U,2
883,PHS156,WB3,-32.20701,116.09570,Yes,0.0,U,2
885,PHS156,WB4,-32.20693,116.09548,Yes,0.0,U,2
887,PHS156,WB5,-32.20689,116.09530,Yes,0.0,U,2
781,DON099,TBSJU10,-34.41884,116.43959,No,0.1,U,2
780,DON099,TBSJU1,-34.42007,116.44490,No,0.2,U,2
762,DON099,TbSJHU9,-34.46018,116.44962,No,0.2,U,2
785,DON099,TBSJU6,-34.46892,116.46568,No,0.4,U,2
908,PHS167,GWU3,-32.88736,116.35970,No,0.5,L,2
916,PHS183,JL04,-32.53020,116.08805,No,0.5,L,2
920,PHS183,JU03,-32.52967,116.09207,No,0.5,L,2
782,DON099,TBSJU2,-34.44262,116.45604,No,0.6,L,2
793,DON107,MSJU1,-34.07719,116.22713,No,0.8,L,2
784,DON099,TBSJU5,-34.46237,116.49601,No,0.8,L,2
719,BWD135,MJL2,-34.24504,115.72053,No,0.8,L,2
907,PHS167,GWU2,-32.87563,116.34872,No,1.0,L,2
787,DON099,TVSJ06,-34.46903,116.46474,No,1.2,L,2
823,PHD099,C3st2,-32.31218,116.14083,Yes,1.2,L,2
819,PHD099,C37,-32.312912,116.140355,Yes,1.2,L,2
905,PHS167,GWL3,-32.88578,116.35934,No,1.2,L,2
718,BWD135,MJL1,-34.22050,115.75240,No,1.2,L,2
770,DON099,TBSJL9,-34.46078,116.44879,No,1.3,L,2
902,PHS167,GHU1,-32.87534,116.32095,No,1.3,L,2
783,DON099,TBSJU4,-34.44579,116.48750,No,1.3,L,2
786,DON099,TBSJU8,-34.44570,116.47031,No,1.4,L,2
766,DON099,TBSJL2b,-34.42793,116.46401,No,1.4,L,2
791,DON107,MSJL1,-34.07745,116.22689,No,1.4,L,2
721,BWD135,MJM1,-34.22149,115.75343,No,1.5,M,2
906,PHS167,GWM3,-32.88817,116.35952,No,1.5,M,2
921,PHS183,JU04,-32.53703,116.05337,No,1.6,M,2
730,DON006,GiKL1,-34.40152,115.89583,No,1.6,M,2
714,BWD135,MJH5,-34.18254,115.66244,No,1.6,M,2
904,PHS167,GWL2,-32.87358,116.35076,No,1.7,M,2
722,BWD135,MJM2,-34.24468,115.72271,No,1.7,M,2
753,DON006,GiKU9,-34.41665,115.88512,No,1.7,M,2
740,DON006,GiKM1a,-34.40365,115.89476,No,1.7,M,2
779,DON099,TBSJM9,-34.45715,116.45024,No,1.7,M,2
737,DON006,GiKL9,-34.41644,115.88551,No,1.7,M,2
917,PHS183,JM03,-32.51494,116.07804,No,1.7,M,2
769,DON099,TBSJL8,-34.44465,116.46942,No,1.7,M,2
746,DON006,GiKM9,-34.41585,115.88606,No,1.8,M,2
764,DON099,TBSJL10,-34.42270,116.45038,No,1.8,M,2
771,DON099,TBSJM1,-34.42178,116.44392,No,1.8,M,2
765,DON099,TBSJL2,-34.44308,116.45558,No,1.8,M,2
901,PHS167,GHLM1,-32.87474,116.32092,No,1.8,M,2
767,DON099,TBSJL4,-34.44615,116.48989,No,1.8,M,2
775,DON099,TBSJM4,-34.44661,116.48909,No,1.8,M,2
738,DON006,GiKM1,-34.40340,115.89239,No,1.8,M,2
895,PHS156,WE1OP,-32.19884,116.10047,Yes,1.8,M,2
789,DON107,MJL3,-34.07338,116.22313,No,1.9,M,2
849,PHS137,GE2,-32.25581,116.07982,Yes,1.9,M,2
846,PHS137,GB19,-32.26554,116.07951,Yes,1.9,M,2
919,PHS183,JU01,-32.51426,116.07611,No,1.9,M,2
845,PHS137,GB18,-32.26609,116.07921,Yes,1.9,M,2
774,DON099,TBSJM2b,-34.43084,116.46270,No,2.0,M,2
878,PHS155,GWM2,-32.87426,116.35085,No,2.0,M,2
772,DON099,TBSJM10,-34.42243,116.45133,No,2.0,M,2
873,PHS141,M61OP,-32.659014,116.006428,Yes,2.0,M,2
826,PHS136,ChuB1,-32.18673,116.11571,Yes,2.0,M,2
763,DON099,TBSJL1,-34.42136,116.44539,No,2.0,M,2
886,PHS156,WB4OP,-32.20596,116.09583,Yes,2.0,M,2
912,PHS183,JH05,-32.52603,116.09048,No,2.0,M,2
910,PHS183,HLM02,-32.51299,116.07390,No,2.0,M,2
911,PHS183,JH04,-32.51520,116.07860,No,2.0,M,2
914,PHS183,JL02,-32.51429,116.07701,No,2.0,M,2
768,DON099,TBSJL5,-34.46254,116.49518,No,2.0,M,2
884,PHS156,WB3OP,-32.20593,116.09654,Yes,2.0,M,2
836,PHS136,ChuB7,-32.18507,116.11317,Yes,2.1,H,2
710,BWD135,MJH1,-34.22187,115.75269,No,2.1,H,2
913,PHS183,JL01,-32.53713,116.05228,No,2.1,H,2
778,DON099,TBSJM8,-34.44649,116.46937,No,2.1,H,2
896,PHS156,WE2OP,-32.1988,116.09991,Yes,2.1,H,2
897,PHS156,WE3OP,-32.19874,116.09935,Yes,2.1,H,2
890,PHS156,WB6OP,-32.2057,116.09476,Yes,2.1,H,2
922,PHS183,JU05,-32.51733,116.06224,No,2.1,H,2
899,PHS156,WE5OP,-32.19835,116.09812,Yes,2.1,H,2
792,DON107,MSJM1,-34.07730,116.22814,No,2.1,H,2
725,DON006,GiKH1,-34.40399,115.89149,No,2.1,H,2
875,PHS141,M63OP,-32.659784,116.007142,Yes,2.2,H,2
756,DON099,TBSJH2,-34.44132,116.45686,No,2.2,H,2
703,BWD135,MJCS2,-34.24314,115.72333,No,2.2,H,2
850,PHS137,GE3,-32.25669,116.07999,Yes,2.2,H,2
851,PHS137,GE4,-32.25765,116.08021,Yes,2.2,H,2
852,PHS137,GE5,-32.25838,116.08022,Yes,2.2,H,2
869,PHS141,M58,-32.646235,116.012941,Yes,2.2,H,2
773,DON099,TBSJM2,-34.44382,116.45543,No,2.2,H,2
909,PHS183,HH04,-32.51224,116.07499,No,2.2,H,2
830,PHS136,ChuB3,-32.18619,116.11472,Yes,2.2,H,2
877,PHS141,M65OP,-32.660627,116.007584,Yes,2.2,H,2
853,PHS141,M51,-32.64526,116.00804,Yes,2.2,H,2
857,PHS141,M52,-32.645586,116.00805,Yes,2.2,H,2
892,PHS156,WB7OP,-32.20589,116.09408,Yes,2.2,H,2
777,DON099,TBSJM6,-34.46752,116.46459,No,2.2,H,2
898,PHS156,WE4OP,-32.19854,116.09869,Yes,2.2,H,2
871,PHS141,M59,-32.64662,116.013388,Yes,2.2,H,2
831,PHS136,ChuB3OP,-32.18533,116.115,Yes,2.2,H,2
882,PHS156,WB2OP,-32.20602,116.09691,Yes,2.2,H,2
757,DON099,TBSJH4,-34.44623,116.49066,No,2.2,H,2
832,PHS136,ChuB5,-32.18561,116.11377,Yes,2.3,H,2
880,PHS156,WB1OP,-32.2061,116.09715,Yes,2.3,H,2
876,PHS141,M64OP,-32.660167,116.007318,Yes,2.3,H,2
712,BWD135,MJH2,-34.24420,115.72352,No,2.3,H,2
758,DON099,TBSJH5,-34.46305,116.49302,No,2.3,H,2
918,PHS183,JM04,-32.53751,116.05107,No,2.3,H,2
788,DON107,MJH3,-34.07396,116.22305,No,2.3,H,2
841,PHS137,GB14,-32.26327,116.07994,Yes,2.3,H,2
842,PHS137,GB15,-32.26374,116.07993,Yes,2.3,H,2
903,PHS167,GWH3,-32.88664,116.35861,No,2.3,H,2
761,DON099,TBSJH9,-34.45825,116.45028,No,2.3,H,2
915,PHS183,JL03,-32.51802,116.06345,No,2.3,H,2
900,PHS167,GHH1,-32.87426,116.32111,No,2.3,H,2
843,PHS137,GB16,-32.26658,116.07999,Yes,2.3,H,2
717,BWD135,MJH9,-34.26555,115.67127,No,2.3,H,2
848,PHS137,GE1,-32.25502,116.07998,Yes,2.3,H,2
862,PHS141,M54OP,-32.645222,116.008374,Yes,2.3,H,2
790,DON107,MSJH1,-34.07745,116.22929,No,2.3,H,2
829,PHS136,ChuB2OP,-32.18549,116.11555,Yes,2.3,H,2
844,PHS137,GB17,-32.26644,116.07926,Yes,2.3,H,2
847,PHS137,GB20,-32.26501,116.07953,Yes,2.3,H,2
893,PHS156,WB8,-32.20663,116.09388,Yes,2.4,H,2
754,DON099,TBSHH1,-34.42236,116.44362,No,2.4,H,2
828,PHS136,ChuB2,-32.18649,116.11533,Yes,2.4,H,2
822,PHD099,C3ext3,-32.31221,116.14045,Yes,2.4,H,2
860,PHS141,M53OP,-32.644952,116.00825,Yes,2.4,H,2
888,PHS156,WB5OP,-32.20575,116.09544,Yes,2.4,H,2
838,PHS137,GB11,-32.26182,116.07984,Yes,2.4,H,2
872,PHS141,M59OP,-32.64475,116.011075,Yes,2.4,H,2
856,PHS141,M51OP,-32.644658,116.007909,Yes,2.4,H,2
854,PHS141,M510,-32.646851,116.013656,Yes,2.4,H,2
839,PHS137,GB12,-32.26213,116.07978,Yes,2.4,H,2
834,PHS136,ChuB6,-32.18546,116.11359,Yes,2.4,H,2
858,PHS141,M52OP,-32.644832,116.008079,Yes,2.4,H,2
833,PHS136,ChuB5OP,-32.18513,116.11436,Yes,2.4,H,2
835,PHS136,ChuB6OP,-32.18462,116.11387,Yes,2.4,H,2
837,PHS136,ChuB7OP,-32.18417,116.11326,Yes,2.4,H,2
840,PHS137,GB13,-32.26253,116.07984,Yes,2.4,H,2
867,PHS141,M57,-32.646003,116.012628,Yes,2.4,H,2
894,PHS156,WB8OP,-32.20571,116.09362,Yes,2.4,H,2
825,PHD099,C3st4,-32.31117,116.14117,Yes,2.4,H,2
889,PHS156,WB6,-32.20683,116.09435,Yes,2.4,H,2
776,DON099,TBSJM5,-34.46330,116.49445,No,2.5,H,2
864,PHS141,M55OP,-32.644832,116.009568,Yes,2.5,H,2
891,PHS156,WB7,-32.20671,116.09396,Yes,2.5,H,2
702,BWD135,MJCS1,-34.22252,115.75126,No,2.5,H,2
868,PHS141,M57OP,-32.644953,116.010247,Yes,2.5,H,2
870,PHS141,M58OP,-32.644892,116.0108,Yes,2.5,H,2
709,BWD135,MJCS9,-34.26585,115.66995,No,2.5,H,2
855,PHS141,M510OP,-32.6447,116.01117,Yes,2.5,H,2
755,DON099,TBSJH10,-34.42362,116.45152,No,2.5,H,2
701,BWD135,MJCB10,-34.23950,115.68267,No,2.5,H,2
859,PHS141,M53,-32.645437,116.00963,Yes,2.5,H,2
861,PHS141,M54,-32.645387,116.010178,Yes,2.5,H,2
866,PHS141,M56OP,-32.644798,116.009932,Yes,2.5,H,2
821,PHD099,C39,-32.30959,116.13984,Yes,2.6,VH,2
706,BWD135,MJCS5,-34.18313,115.66438,No,2.6,VH,2
820,PHD099,C38,-32.311317,116.1403,Yes,2.6,VH,2
827,PHS136,ChuB1OP,-32.18573,116.11599,Yes,2.6,VH,2
863,PHS141,M55,-32.645509,116.010883,Yes,2.6,VH,2
760,DON099,TBSJH8,-34.44353,116.46978,No,2.7,VH,2
759,DON099,TBSJH6,-34.46822,116.46401,No,2.7,VH,2
865,PHS141,M56,-32.645421,116.01146,Yes,2.7,VH,2
874,PHS141,M62OP,-32.659475,116.006829,Yes,2.8,VH,2
720,BWD135,MJL7,-34.23536,115.63048,No,1.3,L,3
724,BWD135,MJM7,-34.23771,115.63179,No,1.3,L,3
715,BWD135,MJH7,-34.23938,115.63042,No,1.8,M,3
707,BWD135,MJCS7,-34.23952,115.63174,No,1.9,M,3
704,BWD135,MJCS3,-34.22793,115.69521,No,2.2,H,3
716,BWD135,MJH8,-34.18162,115.59346,No,2.3,H,3
713,BWD135,MJH3,-34.22848,115.69578,No,2.3,H,3
711,BWD135,MJH10,-34.24137,115.68259,No,2.3,H,3
723,BWD135,MJM4,-34.21345,115.66902,No,2.5,H,3
705,BWD135,MJCS4,-34.21585,115.66746,No,2.6,VH,3
708,BWD135,MJCS8,-34.17992,115.59299,No,2.7,VH,3
942,SWC058,CBWcbi4,-31.24525,115.99986,No,0.5,L,9
941,SWC058,CBWcbi3,-31.24550,116.00006,No,1.0,L,9
939,SWC058,CBWcbi1,-31.24569,116.00132,No,1.3,L,9
927,SWC051,KBWcbi11,-31.16505,115.51767,No,1.6,M,9
930,SWC051,KBWcbi4,-31.18516,115.51513,No,1.7,M,9
926,SWC051,KBWcbi10,-31.16571,115.51789,No,1.8,M,9
935,SWC051,KBWcbi9,-31.16627,115.51716,No,1.8,M,9
940,SWC058,CBWcbi2,-31.24538,116.00088,No,2.1,H,9
928,SWC051,KBWcbi2,-31.18458,115.51661,No,2.2,H,9
934,SWC051,KBWcbi8,-31.16710,115.51716,No,2.2,H,9
925,SWC051,KBWcbi1,-31.18457,115.51753,No,2.3,H,9
931,SWC051,KBWcbi5,-31.18540,115.51592,No,2.4,H,9
933,SWC051,KBWcbi7,-31.18584,115.51675,No,2.5,H,9
932,SWC051,KBWcbi6,-31.18578,115.51634,No,2.5,H,9
929,SWC051,KBWcbi3,-31.18482,115.51575,No,2.6,VH,9
943,SWC058,CBWcbi5,-31.24602,116.00692,No,2.8,VH,9
802,FRK035,QHU1,-35.00048,117.11989,No,0.1,U,33
798,FRK035,QHLM1,-34.99664,117.11502,No,0.7,L,33
801,FRK035,QHM3,-34.99772,117.11269,No,1.6,M,33
799,FRK035,QHLM2,-34.99954,117.11969,No,1.7,M,33
800,FRK035,QHLM4,-34.99787,117.10719,No,1.7,M,33
795,FRK035,QHH2,-34.99861,117.11967,No,2.1,H,33
797,FRK035,QHH4,-34.99838,117.10804,No,2.2,H,33
796,FRK035,QHH3,-34.99877,117.11297,No,2.3,H,33
794,FRK035,QHH1,-34.99580,117.11499,No,2.4,H,33
808,FRK035,QSJL2,-34.99374,117.11299,No,0.5,L,101
817,FRK035,QSJU2,-34.99333,117.11237,No,0.6,L,101
812,FRK035,QSJM2,-34.99389,117.11341,No,1.1,L,101
816,FRK035,QSJU1,-34.99269,117.11101,No,1.1,L,101
807,FRK035,QSJL1,-34.99302,117.11077,No,1.2,L,101
809,FRK035,QSJL3,-34.99535,117.11679,No,1.3,L,101
818,FRK035,QSJU3,-34.99488,117.11668,No,1.6,M,101
806,FRK035,QSJH5,-34.99650,117.10883,No,1.6,M,101
814,FRK035,QSJM4,-34.99994,117.11593,No,1.7,M,101
813,FRK035,QSJM3,-34.99585,117.11664,No,1.8,M,101
810,FRK035,QSJL4,-35.00019,117.11555,No,1.8,M,101
811,FRK035,QSJL5,-34.99619,117.10834,No,1.9,M,101
815,FRK035,QSJM5,-34.99596,117.10865,No,2.0,M,101
805,FRK035,QSJH4,-34.99973,117.11568,No,2.1,H,101
804,FRK035,QSJH3,-34.99584,117.11586,No,2.2,H,101
803,FRK035,QSJH1,-34.99322,117.11129,No,2.3,H,101
938,SWC052,YoBWcbi1,-31.39765,115.74100,No,0.9,L,106
937,SWC052,YBWcbi3,-31.36567,115.75450,No,2.3,H,106
936,SWC052,YBWcbi2,-31.36511,115.75431,No,2.5,H,106
924,SWC046,MBWcbi2,-31.01852,115.87660,No,1.1,L,108
923,SWC046,MBWcbi1,-31.01945,115.87732,No,2.2,H,108
